Label (Grouping),2.01,2.02,3.01,3.02,4,5,6,7,8.06,8.08,8.09,9.01,9.02,10,11,12.01,12.02,12.03,14,15.14,15.15,15.16,15.17,15.19,15.22,16.05,17.01,17.02,18.02,18.03,18.11,18.13,18.15,18.16,18.17,18.18,18.19,19.02,19.07,19.08,20.01,20.02,21.01,21.02,22.01,22.02,22.04,22.07,22.08,22.09,22.1,22.17,22.18,22.19,22.2,22.21,22.22,1108,,,,,,,,,,,,,,,,,,,,,,,,,,,,,,,,,,,,,,,,,,,,,,,,,,,,,,,,,,,,,,,,,,,,,,,,,,,,,,,,,,,,,,,,,,,,,,,,,,,,,,,,,,,,,,,,,,,,,,,,,,,,,,,,,,,,,,,,,,,,,,,,,,,,,,,,,,,,,,,,,,,,,,,,,,,,,,,,,,,,,,,,,,,,,,,,,,,,,,,,,,,,,,,,,,,,,,,,,,,,,,,,,,,,,,,,,,,,,,,,,,,,,,,,,,,,,,,,,,,,,,,,,,,,,,,,,,,,,,,,,,,,,,,,,,,,,,,,,,,,,,,,,,,,,,,,,,,,,,,,,,,,,,,,,,,,,,,,,,,,,,,,,,,,,,,,,,,,,,,,,,,,,,,,,,,,,,,,,,,,,,,,,,,,,,,,,,,,,,,,,,,,,,,,,,,,,,,,,,,,,,,,,,,,,,,,,,,,,,,,,,,,,,,,,,,,,,,,,,,,,,,,
SCHOOL ENROLLMENT,,,,,,,,,,,,,,,,,,,,,,,,,,,,,,,,,,,,,,,,,,,,,,,,,,,,,,,,,,,,,,,,,,,,,,,,,,,,,,,,,,,,,,,,,,,,,,,,,,,,,,,,,,,,,,,,,,,,,,,,,,,,,,,,,,,,,,,,,,,,,,,,,,,,,,,,,,,,,,,,,,,,,,,,,,,,,,,,,,,,,,,,,,,,,,,,,,,,,,,,,,,,,,,,,,,,,,,,,,,,,,,,,,,,,,,,,,,,,,,,,,,,,,,,,,,,,,,,,,,,,,,,,,,,,,,,,,,,,,,,,,,,,,,,,,,,,,,,,,,,,,,,,,,,,,,,,,,,,,,,,,,,,,,,,,,,,,,,,,,,,,,,,,,,,,,,,,,,,,,,,,,,,,,,,,,,,,,,,,,,,,,,,,,,,,,,,,,,,,,,,,,,,,,,,,,,,,,,,,,,,,,,,,,,,,,,,,,,,,,,,,,,,,,,,,,,,,,,,,,,,,,,,,,,,,,,,,,,,,,,,,,,,,,,,,,,,,,,,,,,,,,,,,,,,,,,,,,,,,,,,,
    Population 3 years and over enrolled in school,"3,976","5,037","1,596",360,"1,602","1,458",985,"1,026","2,076","1,550",702,"3,381","8,652","5,108","1,719",721,"1,907","1,191",594,"1,031","2,994","1,464","2,686","1,503","4,019","4,429","1,294",973,961,"1,581","1,458","1,108",468,"1,963",949,"1,247","1,059",387,478,"1,343",188,826,238,118,"1,632","1,736","2,898","1,080",954,"1,831","1,578","2,414",997,"1,449",658,"1,425","1,489",534,,,,,,,,,,,,,,,,,,,,,,,,,,,,,,,,,,,,,,,,,,,,,,,,,,,,,,,,,,,,,,,,,,,,,,,,,,,,,,,,,,,,,,,,,,,,,,,,,,,,,,,,,,,,,,,,,,,,,,,,,,,,,,,,,,,,,,,,,,,,,,,,,,,,,,,,,,,,,,,,,,,,,,,,,,,,,,,,,,,,,,,,,,,,,,,,,,,,,,,,,,,,,,,,,,,,,,,,,,,,,,,,,,,,,,,,,,,,,,,,,,,,,,,,,,,,,,,,,,,,,,,,,,,,,,,,,,,,,,,,,,,,,,,,,,,,,,,,,,,,,,,,,,,,,,,,,,,,,,,,,,,,,,,,,,,,,,,,,,,,,,,,,,,,,,,,,,,,,,,,,,,,,,,,,,,,,,,,,,,,,,,,,,,,,,,,,,,,,,,,,,,,,,,,,,,,,,,,,,,,,,,,,,,,,,,,,,,,,,,,,,,,,,,,,,,,,,,,,,,,,,,,
"        Nursery school, preschool",0,0,89,89,71,28,58,138,0,292,0,43,0,0,190,26,106,117,93,0,0,57,67,20,65,0,121,157,65,187,136,48,17,158,115,44,45,0,13,41,9,90,50,11,53,18,386,109,129,156,48,0,8,83,52,95,100,0,,,,,,,,,,,,,,,,,,,,,,,,,,,,,,,,,,,,,,,,,,,,,,,,,,,,,,,,,,,,,,,,,,,,,,,,,,,,,,,,,,,,,,,,,,,,,,,,,,,,,,,,,,,,,,,,,,,,,,,,,,,,,,,,,,,,,,,,,,,,,,,,,,,,,,,,,,,,,,,,,,,,,,,,,,,,,,,,,,,,,,,,,,,,,,,,,,,,,,,,,,,,,,,,,,,,,,,,,,,,,,,,,,,,,,,,,,,,,,,,,,,,,,,,,,,,,,,,,,,,,,,,,,,,,,,,,,,,,,,,,,,,,,,,,,,,,,,,,,,,,,,,,,,,,,,,,,,,,,,,,,,,,,,,,,,,,,,,,,,,,,,,,,,,,,,,,,,,,,,,,,,,,,,,,,,,,,,,,,,,,,,,,,,,,,,,,,,,,,,,,,,,,,,,,,,,,,,,,,,,,,,,,,,,,,,,,,,,,,,,,,,,,,,,,,,,,,,,,,,,,,,,
        Kindergarten,14,0,17,0,108,62,53,23,0,0,0,0,4,0,71,48,111,20,0,0,51,0,44,38,0,23,56,58,57,68,20,86,50,95,0,43,0,16,2,53,11,28,5,4,52,51,24,87,27,142,104,12,35,102,14,107,75,10,,,,,,,,,,,,,,,,,,,,,,,,,,,,,,,,,,,,,,,,,,,,,,,,,,,,,,,,,,,,,,,,,,,,,,,,,,,,,,,,,,,,,,,,,,,,,,,,,,,,,,,,,,,,,,,,,,,,,,,,,,,,,,,,,,,,,,,,,,,,,,,,,,,,,,,,,,,,,,,,,,,,,,,,,,,,,,,,,,,,,,,,,,,,,,,,,,,,,,,,,,,,,,,,,,,,,,,,,,,,,,,,,,,,,,,,,,,,,,,,,,,,,,,,,,,,,,,,,,,,,,,,,,,,,,,,,,,,,,,,,,,,,,,,,,,,,,,,,,,,,,,,,,,,,,,,,,,,,,,,,,,,,,,,,,,,,,,,,,,,,,,,,,,,,,,,,,,,,,,,,,,,,,,,,,,,,,,,,,,,,,,,,,,,,,,,,,,,,,,,,,,,,,,,,,,,,,,,,,,,,,,,,,,,,,,,,,,,,,,,,,,,,,,,,,,,,,,,,,,,,,,,
        Elementary school (grades 1-8),16,28,534,67,725,273,409,565,86,304,42,16,53,238,469,187,768,318,303,79,0,135,188,94,600,176,354,395,439,708,401,482,228,"1,199",334,705,506,269,163,666,41,281,73,50,870,"1,285","1,639",399,438,906,456,912,379,567,323,487,631,74,,,,,,,,,,,,,,,,,,,,,,,,,,,,,,,,,,,,,,,,,,,,,,,,,,,,,,,,,,,,,,,,,,,,,,,,,,,,,,,,,,,,,,,,,,,,,,,,,,,,,,,,,,,,,,,,,,,,,,,,,,,,,,,,,,,,,,,,,,,,,,,,,,,,,,,,,,,,,,,,,,,,,,,,,,,,,,,,,,,,,,,,,,,,,,,,,,,,,,,,,,,,,,,,,,,,,,,,,,,,,,,,,,,,,,,,,,,,,,,,,,,,,,,,,,,,,,,,,,,,,,,,,,,,,,,,,,,,,,,,,,,,,,,,,,,,,,,,,,,,,,,,,,,,,,,,,,,,,,,,,,,,,,,,,,,,,,,,,,,,,,,,,,,,,,,,,,,,,,,,,,,,,,,,,,,,,,,,,,,,,,,,,,,,,,,,,,,,,,,,,,,,,,,,,,,,,,,,,,,,,,,,,,,,,,,,,,,,,,,,,,,,,,,,,,,,,,,,,,,,,,,,
        High school (grades 9-12),58,0,140,76,198,364,251,156,40,173,41,0,2,93,434,44,153,247,131,31,138,0,9,64,215,179,146,97,215,280,472,135,47,286,210,255,173,49,168,218,43,200,63,38,437,213,445,126,209,263,430,727,139,186,123,183,397,36,,,,,,,,,,,,,,,,,,,,,,,,,,,,,,,,,,,,,,,,,,,,,,,,,,,,,,,,,,,,,,,,,,,,,,,,,,,,,,,,,,,,,,,,,,,,,,,,,,,,,,,,,,,,,,,,,,,,,,,,,,,,,,,,,,,,,,,,,,,,,,,,,,,,,,,,,,,,,,,,,,,,,,,,,,,,,,,,,,,,,,,,,,,,,,,,,,,,,,,,,,,,,,,,,,,,,,,,,,,,,,,,,,,,,,,,,,,,,,,,,,,,,,,,,,,,,,,,,,,,,,,,,,,,,,,,,,,,,,,,,,,,,,,,,,,,,,,,,,,,,,,,,,,,,,,,,,,,,,,,,,,,,,,,,,,,,,,,,,,,,,,,,,,,,,,,,,,,,,,,,,,,,,,,,,,,,,,,,,,,,,,,,,,,,,,,,,,,,,,,,,,,,,,,,,,,,,,,,,,,,,,,,,,,,,,,,,,,,,,,,,,,,,,,,,,,,,,,,,,,,,,,
        College or graduate school,"3,888","5,009",816,128,500,731,214,144,"1,950",781,619,"3,322","8,593","4,777",555,416,769,489,67,921,"2,805","1,272","2,378","1,287","3,139","4,051",617,266,185,338,429,357,126,225,290,200,335,53,132,365,84,227,47,15,220,169,404,359,151,364,540,763,436,511,146,553,286,414,,,,,,,,,,,,,,,,,,,,,,,,,,,,,,,,,,,,,,,,,,,,,,,,,,,,,,,,,,,,,,,,,,,,,,,,,,,,,,,,,,,,,,,,,,,,,,,,,,,,,,,,,,,,,,,,,,,,,,,,,,,,,,,,,,,,,,,,,,,,,,,,,,,,,,,,,,,,,,,,,,,,,,,,,,,,,,,,,,,,,,,,,,,,,,,,,,,,,,,,,,,,,,,,,,,,,,,,,,,,,,,,,,,,,,,,,,,,,,,,,,,,,,,,,,,,,,,,,,,,,,,,,,,,,,,,,,,,,,,,,,,,,,,,,,,,,,,,,,,,,,,,,,,,,,,,,,,,,,,,,,,,,,,,,,,,,,,,,,,,,,,,,,,,,,,,,,,,,,,,,,,,,,,,,,,,,,,,,,,,,,,,,,,,,,,,,,,,,,,,,,,,,,,,,,,,,,,,,,,,,,,,,,,,,,,,,,,,,,,,,,,,,,,,,,,,,,,,,,,,,,,,
EDUCATIONAL ATTAINMENT,,,,,,,,,,,,,,,,,,,,,,,,,,,,,,,,,,,,,,,,,,,,,,,,,,,,,,,,,,,,,,,,,,,,,,,,,,,,,,,,,,,,,,,,,,,,,,,,,,,,,,,,,,,,,,,,,,,,,,,,,,,,,,,,,,,,,,,,,,,,,,,,,,,,,,,,,,,,,,,,,,,,,,,,,,,,,,,,,,,,,,,,,,,,,,,,,,,,,,,,,,,,,,,,,,,,,,,,,,,,,,,,,,,,,,,,,,,,,,,,,,,,,,,,,,,,,,,,,,,,,,,,,,,,,,,,,,,,,,,,,,,,,,,,,,,,,,,,,,,,,,,,,,,,,,,,,,,,,,,,,,,,,,,,,,,,,,,,,,,,,,,,,,,,,,,,,,,,,,,,,,,,,,,,,,,,,,,,,,,,,,,,,,,,,,,,,,,,,,,,,,,,,,,,,,,,,,,,,,,,,,,,,,,,,,,,,,,,,,,,,,,,,,,,,,,,,,,,,,,,,,,,,,,,,,,,,,,,,,,,,,,,,,,,,,,,,,,,,,,,,,,,,,,,,,,,,,,,,,,,,,
    Population 25 years and over,"1,331",675,"2,441","1,943","3,654","3,495","2,852","4,626","1,390","2,371",768,374,206,"3,077","4,862","2,052","5,235","2,737","2,869","1,218","3,123","1,226","2,849","1,084","3,735","4,161","4,973","4,187","2,257","4,581","5,084","2,862","1,514","3,713","3,558","3,197","3,404","3,088","1,991","3,942","1,092","2,892","1,553",843,"4,672","4,668","8,772","2,909","2,035","6,057","3,285","3,262","2,094","4,931","1,927","4,085","5,069","1,485",,,,,,,,,,,,,,,,,,,,,,,,,,,,,,,,,,,,,,,,,,,,,,,,,,,,,,,,,,,,,,,,,,,,,,,,,,,,,,,,,,,,,,,,,,,,,,,,,,,,,,,,,,,,,,,,,,,,,,,,,,,,,,,,,,,,,,,,,,,,,,,,,,,,,,,,,,,,,,,,,,,,,,,,,,,,,,,,,,,,,,,,,,,,,,,,,,,,,,,,,,,,,,,,,,,,,,,,,,,,,,,,,,,,,,,,,,,,,,,,,,,,,,,,,,,,,,,,,,,,,,,,,,,,,,,,,,,,,,,,,,,,,,,,,,,,,,,,,,,,,,,,,,,,,,,,,,,,,,,,,,,,,,,,,,,,,,,,,,,,,,,,,,,,,,,,,,,,,,,,,,,,,,,,,,,,,,,,,,,,,,,,,,,,,,,,,,,,,,,,,,,,,,,,,,,,,,,,,,,,,,,,,,,,,,,,,,,,,,,,,,,,,,,,,,,,,,,,,,,,,,,,
        Less than 9th grade,0,0,11,10,177,26,20,118,13,0,9,0,12,0,35,26,89,57,73,0,43,32,24,4,30,17,11,70,63,91,20,27,64,69,50,73,59,649,66,77,21,83,7,12,10,11,12,9,2,7,33,92,17,58,73,3,0,38,,,,,,,,,,,,,,,,,,,,,,,,,,,,,,,,,,,,,,,,,,,,,,,,,,,,,,,,,,,,,,,,,,,,,,,,,,,,,,,,,,,,,,,,,,,,,,,,,,,,,,,,,,,,,,,,,,,,,,,,,,,,,,,,,,,,,,,,,,,,,,,,,,,,,,,,,,,,,,,,,,,,,,,,,,,,,,,,,,,,,,,,,,,,,,,,,,,,,,,,,,,,,,,,,,,,,,,,,,,,,,,,,,,,,,,,,,,,,,,,,,,,,,,,,,,,,,,,,,,,,,,,,,,,,,,,,,,,,,,,,,,,,,,,,,,,,,,,,,,,,,,,,,,,,,,,,,,,,,,,,,,,,,,,,,,,,,,,,,,,,,,,,,,,,,,,,,,,,,,,,,,,,,,,,,,,,,,,,,,,,,,,,,,,,,,,,,,,,,,,,,,,,,,,,,,,,,,,,,,,,,,,,,,,,,,,,,,,,,,,,,,,,,,,,,,,,,,,,,,,,,,,
"        9th to 12th grade, no diploma",34,39,14,72,303,0,486,387,34,14,3,0,0,49,0,22,13,53,474,44,255,28,29,30,92,163,236,68,94,20,17,26,75,155,14,85,117,563,150,209,123,349,74,136,95,54,24,17,28,269,152,205,134,390,138,136,0,26,,,,,,,,,,,,,,,,,,,,,,,,,,,,,,,,,,,,,,,,,,,,,,,,,,,,,,,,,,,,,,,,,,,,,,,,,,,,,,,,,,,,,,,,,,,,,,,,,,,,,,,,,,,,,,,,,,,,,,,,,,,,,,,,,,,,,,,,,,,,,,,,,,,,,,,,,,,,,,,,,,,,,,,,,,,,,,,,,,,,,,,,,,,,,,,,,,,,,,,,,,,,,,,,,,,,,,,,,,,,,,,,,,,,,,,,,,,,,,,,,,,,,,,,,,,,,,,,,,,,,,,,,,,,,,,,,,,,,,,,,,,,,,,,,,,,,,,,,,,,,,,,,,,,,,,,,,,,,,,,,,,,,,,,,,,,,,,,,,,,,,,,,,,,,,,,,,,,,,,,,,,,,,,,,,,,,,,,,,,,,,,,,,,,,,,,,,,,,,,,,,,,,,,,,,,,,,,,,,,,,,,,,,,,,,,,,,,,,,,,,,,,,,,,,,,,,,,,,,,,,,,,
        High school graduate (includes equivalency),112,59,527,451,824,194,"1,101","1,845",107,346,45,0,13,50,445,200,691,368,957,95,564,193,504,211,596,670,707,460,828,635,827,188,335,876,734,690,962,861,675,"1,569",427,"1,051",269,189,"1,102","1,196","1,559",228,141,871,716,"1,153",456,"1,406",397,270,259,167,,,,,,,,,,,,,,,,,,,,,,,,,,,,,,,,,,,,,,,,,,,,,,,,,,,,,,,,,,,,,,,,,,,,,,,,,,,,,,,,,,,,,,,,,,,,,,,,,,,,,,,,,,,,,,,,,,,,,,,,,,,,,,,,,,,,,,,,,,,,,,,,,,,,,,,,,,,,,,,,,,,,,,,,,,,,,,,,,,,,,,,,,,,,,,,,,,,,,,,,,,,,,,,,,,,,,,,,,,,,,,,,,,,,,,,,,,,,,,,,,,,,,,,,,,,,,,,,,,,,,,,,,,,,,,,,,,,,,,,,,,,,,,,,,,,,,,,,,,,,,,,,,,,,,,,,,,,,,,,,,,,,,,,,,,,,,,,,,,,,,,,,,,,,,,,,,,,,,,,,,,,,,,,,,,,,,,,,,,,,,,,,,,,,,,,,,,,,,,,,,,,,,,,,,,,,,,,,,,,,,,,,,,,,,,,,,,,,,,,,,,,,,,,,,,,,,,,,,,,,,,,,
"        Some college, no degree",206,181,570,221,942,266,568,712,194,379,68,35,10,137,420,279,786,358,711,113,432,270,524,214,481,561,785,495,398,"1,027",718,373,227,833,504,449,683,496,366,681,190,636,265,149,863,"1,001","1,189",403,265,843,768,956,373,412,145,407,483,112,,,,,,,,,,,,,,,,,,,,,,,,,,,,,,,,,,,,,,,,,,,,,,,,,,,,,,,,,,,,,,,,,,,,,,,,,,,,,,,,,,,,,,,,,,,,,,,,,,,,,,,,,,,,,,,,,,,,,,,,,,,,,,,,,,,,,,,,,,,,,,,,,,,,,,,,,,,,,,,,,,,,,,,,,,,,,,,,,,,,,,,,,,,,,,,,,,,,,,,,,,,,,,,,,,,,,,,,,,,,,,,,,,,,,,,,,,,,,,,,,,,,,,,,,,,,,,,,,,,,,,,,,,,,,,,,,,,,,,,,,,,,,,,,,,,,,,,,,,,,,,,,,,,,,,,,,,,,,,,,,,,,,,,,,,,,,,,,,,,,,,,,,,,,,,,,,,,,,,,,,,,,,,,,,,,,,,,,,,,,,,,,,,,,,,,,,,,,,,,,,,,,,,,,,,,,,,,,,,,,,,,,,,,,,,,,,,,,,,,,,,,,,,,,,,,,,,,,,,,,,,,,
        Associate's degree,211,91,222,260,153,375,220,393,106,262,43,32,2,326,458,329,768,367,172,111,147,178,240,122,217,293,605,479,270,709,417,519,288,376,491,623,404,34,60,686,158,284,188,79,743,461,751,128,136,855,695,409,349,672,53,704,503,75,,,,,,,,,,,,,,,,,,,,,,,,,,,,,,,,,,,,,,,,,,,,,,,,,,,,,,,,,,,,,,,,,,,,,,,,,,,,,,,,,,,,,,,,,,,,,,,,,,,,,,,,,,,,,,,,,,,,,,,,,,,,,,,,,,,,,,,,,,,,,,,,,,,,,,,,,,,,,,,,,,,,,,,,,,,,,,,,,,,,,,,,,,,,,,,,,,,,,,,,,,,,,,,,,,,,,,,,,,,,,,,,,,,,,,,,,,,,,,,,,,,,,,,,,,,,,,,,,,,,,,,,,,,,,,,,,,,,,,,,,,,,,,,,,,,,,,,,,,,,,,,,,,,,,,,,,,,,,,,,,,,,,,,,,,,,,,,,,,,,,,,,,,,,,,,,,,,,,,,,,,,,,,,,,,,,,,,,,,,,,,,,,,,,,,,,,,,,,,,,,,,,,,,,,,,,,,,,,,,,,,,,,,,,,,,,,,,,,,,,,,,,,,,,,,,,,,,,,,,,,,,,
        Bachelor's degree,355,152,692,478,792,"1,035",345,842,437,609,280,62,14,"1,457","1,384",555,"1,671",832,354,378,942,401,503,193,"1,110","1,008","1,399","1,190",367,"1,013","1,294",751,294,682,982,812,839,299,501,507,101,303,295,130,853,872,"1,794",879,573,"1,270",631,203,477,"1,404",373,887,"1,199",482,,,,,,,,,,,,,,,,,,,,,,,,,,,,,,,,,,,,,,,,,,,,,,,,,,,,,,,,,,,,,,,,,,,,,,,,,,,,,,,,,,,,,,,,,,,,,,,,,,,,,,,,,,,,,,,,,,,,,,,,,,,,,,,,,,,,,,,,,,,,,,,,,,,,,,,,,,,,,,,,,,,,,,,,,,,,,,,,,,,,,,,,,,,,,,,,,,,,,,,,,,,,,,,,,,,,,,,,,,,,,,,,,,,,,,,,,,,,,,,,,,,,,,,,,,,,,,,,,,,,,,,,,,,,,,,,,,,,,,,,,,,,,,,,,,,,,,,,,,,,,,,,,,,,,,,,,,,,,,,,,,,,,,,,,,,,,,,,,,,,,,,,,,,,,,,,,,,,,,,,,,,,,,,,,,,,,,,,,,,,,,,,,,,,,,,,,,,,,,,,,,,,,,,,,,,,,,,,,,,,,,,,,,,,,,,,,,,,,,,,,,,,,,,,,,,,,,,,,,,,,,,,
        Graduate or professional degree,413,153,405,451,463,"1,599",112,329,499,761,320,245,155,"1,058","2,120",641,"1,217",702,128,477,740,124,"1,025",310,"1,209","1,449","1,230","1,425",237,"1,086","1,791",978,231,722,783,465,340,186,173,213,72,186,455,148,"1,006","1,073","3,443","1,245",890,"1,942",290,244,288,589,748,"1,678","2,625",585,,,,,,,,,,,,,,,,,,,,,,,,,,,,,,,,,,,,,,,,,,,,,,,,,,,,,,,,,,,,,,,,,,,,,,,,,,,,,,,,,,,,,,,,,,,,,,,,,,,,,,,,,,,,,,,,,,,,,,,,,,,,,,,,,,,,,,,,,,,,,,,,,,,,,,,,,,,,,,,,,,,,,,,,,,,,,,,,,,,,,,,,,,,,,,,,,,,,,,,,,,,,,,,,,,,,,,,,,,,,,,,,,,,,,,,,,,,,,,,,,,,,,,,,,,,,,,,,,,,,,,,,,,,,,,,,,,,,,,,,,,,,,,,,,,,,,,,,,,,,,,,,,,,,,,,,,,,,,,,,,,,,,,,,,,,,,,,,,,,,,,,,,,,,,,,,,,,,,,,,,,,,,,,,,,,,,,,,,,,,,,,,,,,,,,,,,,,,,,,,,,,,,,,,,,,,,,,,,,,,,,,,,,,,,,,,,,,,,,,,,,,,,,,,,,,,,,,,,,,,,,,,
        High school graduate or higher,"1,297",636,"2,416","1,861","3,174","3,469","2,346","4,121","1,343","2,357",756,374,194,"3,028","4,827","2,004","5,133","2,627","2,322","1,174","2,825","1,166","2,796","1,050","3,613","3,981","4,726","4,049","2,100","4,470","5,047","2,809","1,375","3,489","3,494","3,039","3,228","1,876","1,775","3,656",948,"2,460","1,472",695,"4,567","4,603","8,736","2,883","2,005","5,781","3,100","2,965","1,943","4,483","1,716","3,946","5,069","1,421",,,,,,,,,,,,,,,,,,,,,,,,,,,,,,,,,,,,,,,,,,,,,,,,,,,,,,,,,,,,,,,,,,,,,,,,,,,,,,,,,,,,,,,,,,,,,,,,,,,,,,,,,,,,,,,,,,,,,,,,,,,,,,,,,,,,,,,,,,,,,,,,,,,,,,,,,,,,,,,,,,,,,,,,,,,,,,,,,,,,,,,,,,,,,,,,,,,,,,,,,,,,,,,,,,,,,,,,,,,,,,,,,,,,,,,,,,,,,,,,,,,,,,,,,,,,,,,,,,,,,,,,,,,,,,,,,,,,,,,,,,,,,,,,,,,,,,,,,,,,,,,,,,,,,,,,,,,,,,,,,,,,,,,,,,,,,,,,,,,,,,,,,,,,,,,,,,,,,,,,,,,,,,,,,,,,,,,,,,,,,,,,,,,,,,,,,,,,,,,,,,,,,,,,,,,,,,,,,,,,,,,,,,,,,,,,,,,,,,,,,,,,,,,,,,,,,,,,,,,,,,,,
        Bachelor's degree or higher,768,305,"1,097",929,"1,255","2,634",457,"1,171",936,"1,370",600,307,169,"2,515","3,504","1,196","2,888","1,534",482,855,"1,682",525,"1,528",503,"2,319","2,457","2,629","2,615",604,"2,099","3,085","1,729",525,"1,404","1,765","1,277","1,179",485,674,720,173,489,750,278,"1,859","1,945","5,237","2,124","1,463","3,212",921,447,765,"1,993","1,121","2,565","3,824","1,067",,,,,,,,,,,,,,,,,,,,,,,,,,,,,,,,,,,,,,,,,,,,,,,,,,,,,,,,,,,,,,,,,,,,,,,,,,,,,,,,,,,,,,,,,,,,,,,,,,,,,,,,,,,,,,,,,,,,,,,,,,,,,,,,,,,,,,,,,,,,,,,,,,,,,,,,,,,,,,,,,,,,,,,,,,,,,,,,,,,,,,,,,,,,,,,,,,,,,,,,,,,,,,,,,,,,,,,,,,,,,,,,,,,,,,,,,,,,,,,,,,,,,,,,,,,,,,,,,,,,,,,,,,,,,,,,,,,,,,,,,,,,,,,,,,,,,,,,,,,,,,,,,,,,,,,,,,,,,,,,,,,,,,,,,,,,,,,,,,,,,,,,,,,,,,,,,,,,,,,,,,,,,,,,,,,,,,,,,,,,,,,,,,,,,,,,,,,,,,,,,,,,,,,,,,,,,,,,,,,,,,,,,,,,,,,,,,,,,,,,,,,,,,,,,,,,,,,,,,,,,,,,
PLACE OF BIRTH,,,,,,,,,,,,,,,,,,,,,,,,,,,,,,,,,,,,,,,,,,,,,,,,,,,,,,,,,,,,,,,,,,,,,,,,,,,,,,,,,,,,,,,,,,,,,,,,,,,,,,,,,,,,,,,,,,,,,,,,,,,,,,,,,,,,,,,,,,,,,,,,,,,,,,,,,,,,,,,,,,,,,,,,,,,,,,,,,,,,,,,,,,,,,,,,,,,,,,,,,,,,,,,,,,,,,,,,,,,,,,,,,,,,,,,,,,,,,,,,,,,,,,,,,,,,,,,,,,,,,,,,,,,,,,,,,,,,,,,,,,,,,,,,,,,,,,,,,,,,,,,,,,,,,,,,,,,,,,,,,,,,,,,,,,,,,,,,,,,,,,,,,,,,,,,,,,,,,,,,,,,,,,,,,,,,,,,,,,,,,,,,,,,,,,,,,,,,,,,,,,,,,,,,,,,,,,,,,,,,,,,,,,,,,,,,,,,,,,,,,,,,,,,,,,,,,,,,,,,,,,,,,,,,,,,,,,,,,,,,,,,,,,,,,,,,,,,,,,,,,,,,,,,,,,,,,,,,,,,,,,
    Total population,"5,284","5,751","4,210","2,515","5,563","4,982","4,391","6,633","3,372","4,107","1,393","3,577","8,723","7,591","6,715","2,785","7,269","3,786","3,806","1,925","6,125","2,679","5,766","2,538","8,320","9,066","6,726","5,336","3,443","6,284","6,770","4,010","2,055","5,996","4,738","5,160","4,760","4,035","2,478","5,439","1,386","3,940","1,974","1,021","6,871","6,494","12,795","3,954","3,119","8,368","4,861","6,913","3,343","6,642","2,769","5,643","7,178","2,119",,,,,,,,,,,,,,,,,,,,,,,,,,,,,,,,,,,,,,,,,,,,,,,,,,,,,,,,,,,,,,,,,,,,,,,,,,,,,,,,,,,,,,,,,,,,,,,,,,,,,,,,,,,,,,,,,,,,,,,,,,,,,,,,,,,,,,,,,,,,,,,,,,,,,,,,,,,,,,,,,,,,,,,,,,,,,,,,,,,,,,,,,,,,,,,,,,,,,,,,,,,,,,,,,,,,,,,,,,,,,,,,,,,,,,,,,,,,,,,,,,,,,,,,,,,,,,,,,,,,,,,,,,,,,,,,,,,,,,,,,,,,,,,,,,,,,,,,,,,,,,,,,,,,,,,,,,,,,,,,,,,,,,,,,,,,,,,,,,,,,,,,,,,,,,,,,,,,,,,,,,,,,,,,,,,,,,,,,,,,,,,,,,,,,,,,,,,,,,,,,,,,,,,,,,,,,,,,,,,,,,,,,,,,,,,,,,,,,,,,,,,,,,,,,,,,,,,,,,,,,,,,
        Native,"4,638","5,539","3,979","2,359","5,473","4,577","4,325","6,304","2,829","3,682","1,109","3,020","7,714","6,853","5,781","2,577","6,302","3,017","3,680","1,566","4,881","2,497","4,666","1,418","6,859","7,448","5,526","4,876","3,366","5,485","5,752","3,439","1,889","5,756","4,168","4,763","4,613","3,807","2,395","5,288","1,312","3,806","1,918",945,"6,155","6,316","10,591","3,197","2,832","7,519","4,437","6,628","2,644","5,544","2,179","4,530","5,934","1,797",,,,,,,,,,,,,,,,,,,,,,,,,,,,,,,,,,,,,,,,,,,,,,,,,,,,,,,,,,,,,,,,,,,,,,,,,,,,,,,,,,,,,,,,,,,,,,,,,,,,,,,,,,,,,,,,,,,,,,,,,,,,,,,,,,,,,,,,,,,,,,,,,,,,,,,,,,,,,,,,,,,,,,,,,,,,,,,,,,,,,,,,,,,,,,,,,,,,,,,,,,,,,,,,,,,,,,,,,,,,,,,,,,,,,,,,,,,,,,,,,,,,,,,,,,,,,,,,,,,,,,,,,,,,,,,,,,,,,,,,,,,,,,,,,,,,,,,,,,,,,,,,,,,,,,,,,,,,,,,,,,,,,,,,,,,,,,,,,,,,,,,,,,,,,,,,,,,,,,,,,,,,,,,,,,,,,,,,,,,,,,,,,,,,,,,,,,,,,,,,,,,,,,,,,,,,,,,,,,,,,,,,,,,,,,,,,,,,,,,,,,,,,,,,,,,,,,,,,,,,,,,,
            Born in United States,"4,581","5,433","3,904","2,298","5,439","4,308","4,324","6,235","2,712","3,496","1,097","2,969","7,444","6,510","5,605","2,540","6,129","2,797","3,636","1,530","4,772","2,277","4,642","1,366","6,425","7,157","5,290","4,734","3,188","5,272","5,550","3,318","1,867","5,581","4,124","4,675","4,441","3,780","2,354","5,257","1,296","3,680","1,906",935,"6,038","6,287","10,232","3,101","2,676","7,325","4,297","6,010","2,605","5,223","2,151","4,429","5,642","1,751",,,,,,,,,,,,,,,,,,,,,,,,,,,,,,,,,,,,,,,,,,,,,,,,,,,,,,,,,,,,,,,,,,,,,,,,,,,,,,,,,,,,,,,,,,,,,,,,,,,,,,,,,,,,,,,,,,,,,,,,,,,,,,,,,,,,,,,,,,,,,,,,,,,,,,,,,,,,,,,,,,,,,,,,,,,,,,,,,,,,,,,,,,,,,,,,,,,,,,,,,,,,,,,,,,,,,,,,,,,,,,,,,,,,,,,,,,,,,,,,,,,,,,,,,,,,,,,,,,,,,,,,,,,,,,,,,,,,,,,,,,,,,,,,,,,,,,,,,,,,,,,,,,,,,,,,,,,,,,,,,,,,,,,,,,,,,,,,,,,,,,,,,,,,,,,,,,,,,,,,,,,,,,,,,,,,,,,,,,,,,,,,,,,,,,,,,,,,,,,,,,,,,,,,,,,,,,,,,,,,,,,,,,,,,,,,,,,,,,,,,,,,,,,,,,,,,,,,,,,,,,,,
                State of residence,"3,182","3,768","2,803","1,625","3,626","2,644","3,896","4,975","1,479","2,369",621,"1,923","4,730","3,998","2,760","1,442","3,545","1,583","2,623",995,"2,452","1,485","3,144",822,"3,562","4,170","2,249","2,076","2,235","2,820","2,713","1,732","1,238","3,784","2,350","2,812","2,594","2,459","1,265","3,101",829,"2,253","1,137",610,"4,271","3,612","4,654","1,578","1,414","4,219","2,956","3,861","1,825","2,776","1,194","1,867","2,621",802,,,,,,,,,,,,,,,,,,,,,,,,,,,,,,,,,,,,,,,,,,,,,,,,,,,,,,,,,,,,,,,,,,,,,,,,,,,,,,,,,,,,,,,,,,,,,,,,,,,,,,,,,,,,,,,,,,,,,,,,,,,,,,,,,,,,,,,,,,,,,,,,,,,,,,,,,,,,,,,,,,,,,,,,,,,,,,,,,,,,,,,,,,,,,,,,,,,,,,,,,,,,,,,,,,,,,,,,,,,,,,,,,,,,,,,,,,,,,,,,,,,,,,,,,,,,,,,,,,,,,,,,,,,,,,,,,,,,,,,,,,,,,,,,,,,,,,,,,,,,,,,,,,,,,,,,,,,,,,,,,,,,,,,,,,,,,,,,,,,,,,,,,,,,,,,,,,,,,,,,,,,,,,,,,,,,,,,,,,,,,,,,,,,,,,,,,,,,,,,,,,,,,,,,,,,,,,,,,,,,,,,,,,,,,,,,,,,,,,,,,,,,,,,,,,,,,,,,,,,,,,,,
                Different state,"1,399","1,665","1,101",673,"1,813","1,664",428,"1,260","1,233","1,127",476,"1,046","2,714","2,512","2,845","1,098","2,584","1,214","1,013",535,"2,320",792,"1,498",544,"2,863","2,987","3,041","2,658",953,"2,452","2,837","1,586",629,"1,797","1,774","1,863","1,847","1,321","1,089","2,156",467,"1,427",769,325,"1,767","2,675","5,578","1,523","1,262","3,106","1,341","2,149",780,"2,447",957,"2,562","3,021",949,,,,,,,,,,,,,,,,,,,,,,,,,,,,,,,,,,,,,,,,,,,,,,,,,,,,,,,,,,,,,,,,,,,,,,,,,,,,,,,,,,,,,,,,,,,,,,,,,,,,,,,,,,,,,,,,,,,,,,,,,,,,,,,,,,,,,,,,,,,,,,,,,,,,,,,,,,,,,,,,,,,,,,,,,,,,,,,,,,,,,,,,,,,,,,,,,,,,,,,,,,,,,,,,,,,,,,,,,,,,,,,,,,,,,,,,,,,,,,,,,,,,,,,,,,,,,,,,,,,,,,,,,,,,,,,,,,,,,,,,,,,,,,,,,,,,,,,,,,,,,,,,,,,,,,,,,,,,,,,,,,,,,,,,,,,,,,,,,,,,,,,,,,,,,,,,,,,,,,,,,,,,,,,,,,,,,,,,,,,,,,,,,,,,,,,,,,,,,,,,,,,,,,,,,,,,,,,,,,,,,,,,,,,,,,,,,,,,,,,,,,,,,,,,,,,,,,,,,,,,,,,,
"            Born in Puerto Rico, U.S. Island areas, or born abroad to American parent(s)",57,106,75,61,34,269,1,69,117,186,12,51,270,343,176,37,173,220,44,36,109,220,24,52,434,291,236,142,178,213,202,121,22,175,44,88,172,27,41,31,16,126,12,10,117,29,359,96,156,194,140,618,39,321,28,101,292,46,,,,,,,,,,,,,,,,,,,,,,,,,,,,,,,,,,,,,,,,,,,,,,,,,,,,,,,,,,,,,,,,,,,,,,,,,,,,,,,,,,,,,,,,,,,,,,,,,,,,,,,,,,,,,,,,,,,,,,,,,,,,,,,,,,,,,,,,,,,,,,,,,,,,,,,,,,,,,,,,,,,,,,,,,,,,,,,,,,,,,,,,,,,,,,,,,,,,,,,,,,,,,,,,,,,,,,,,,,,,,,,,,,,,,,,,,,,,,,,,,,,,,,,,,,,,,,,,,,,,,,,,,,,,,,,,,,,,,,,,,,,,,,,,,,,,,,,,,,,,,,,,,,,,,,,,,,,,,,,,,,,,,,,,,,,,,,,,,,,,,,,,,,,,,,,,,,,,,,,,,,,,,,,,,,,,,,,,,,,,,,,,,,,,,,,,,,,,,,,,,,,,,,,,,,,,,,,,,,,,,,,,,,,,,,,,,,,,,,,,,,,,,,,,,,,,,,,,,,,,,,,,
        Foreign-born,646,212,231,156,90,405,66,329,543,425,284,557,"1,009",738,934,208,967,769,126,359,"1,244",182,"1,100","1,120","1,461","1,618","1,200",460,77,799,"1,018",571,166,240,570,397,147,228,83,151,74,134,56,76,716,178,"2,204",757,287,849,424,285,699,"1,098",590,"1,113","1,244",322,,,,,,,,,,,,,,,,,,,,,,,,,,,,,,,,,,,,,,,,,,,,,,,,,,,,,,,,,,,,,,,,,,,,,,,,,,,,,,,,,,,,,,,,,,,,,,,,,,,,,,,,,,,,,,,,,,,,,,,,,,,,,,,,,,,,,,,,,,,,,,,,,,,,,,,,,,,,,,,,,,,,,,,,,,,,,,,,,,,,,,,,,,,,,,,,,,,,,,,,,,,,,,,,,,,,,,,,,,,,,,,,,,,,,,,,,,,,,,,,,,,,,,,,,,,,,,,,,,,,,,,,,,,,,,,,,,,,,,,,,,,,,,,,,,,,,,,,,,,,,,,,,,,,,,,,,,,,,,,,,,,,,,,,,,,,,,,,,,,,,,,,,,,,,,,,,,,,,,,,,,,,,,,,,,,,,,,,,,,,,,,,,,,,,,,,,,,,,,,,,,,,,,,,,,,,,,,,,,,,,,,,,,,,,,,,,,,,,,,,,,,,,,,,,,,,,,,,,,,,,,,,
U.S. CITIZENSHIP STATUS,,,,,,,,,,,,,,,,,,,,,,,,,,,,,,,,,,,,,,,,,,,,,,,,,,,,,,,,,,,,,,,,,,,,,,,,,,,,,,,,,,,,,,,,,,,,,,,,,,,,,,,,,,,,,,,,,,,,,,,,,,,,,,,,,,,,,,,,,,,,,,,,,,,,,,,,,,,,,,,,,,,,,,,,,,,,,,,,,,,,,,,,,,,,,,,,,,,,,,,,,,,,,,,,,,,,,,,,,,,,,,,,,,,,,,,,,,,,,,,,,,,,,,,,,,,,,,,,,,,,,,,,,,,,,,,,,,,,,,,,,,,,,,,,,,,,,,,,,,,,,,,,,,,,,,,,,,,,,,,,,,,,,,,,,,,,,,,,,,,,,,,,,,,,,,,,,,,,,,,,,,,,,,,,,,,,,,,,,,,,,,,,,,,,,,,,,,,,,,,,,,,,,,,,,,,,,,,,,,,,,,,,,,,,,,,,,,,,,,,,,,,,,,,,,,,,,,,,,,,,,,,,,,,,,,,,,,,,,,,,,,,,,,,,,,,,,,,,,,,,,,,,,,,,,,,,,,,,,,,,,,
    Foreign-born population,646,212,231,156,90,405,66,329,543,425,284,557,"1,009",738,934,208,967,769,126,359,"1,244",182,"1,100","1,120","1,461","1,618","1,200",460,77,799,"1,018",571,166,240,570,397,147,228,83,151,74,134,56,76,716,178,"2,204",757,287,849,424,285,699,"1,098",590,"1,113","1,244",322,,,,,,,,,,,,,,,,,,,,,,,,,,,,,,,,,,,,,,,,,,,,,,,,,,,,,,,,,,,,,,,,,,,,,,,,,,,,,,,,,,,,,,,,,,,,,,,,,,,,,,,,,,,,,,,,,,,,,,,,,,,,,,,,,,,,,,,,,,,,,,,,,,,,,,,,,,,,,,,,,,,,,,,,,,,,,,,,,,,,,,,,,,,,,,,,,,,,,,,,,,,,,,,,,,,,,,,,,,,,,,,,,,,,,,,,,,,,,,,,,,,,,,,,,,,,,,,,,,,,,,,,,,,,,,,,,,,,,,,,,,,,,,,,,,,,,,,,,,,,,,,,,,,,,,,,,,,,,,,,,,,,,,,,,,,,,,,,,,,,,,,,,,,,,,,,,,,,,,,,,,,,,,,,,,,,,,,,,,,,,,,,,,,,,,,,,,,,,,,,,,,,,,,,,,,,,,,,,,,,,,,,,,,,,,,,,,,,,,,,,,,,,,,,,,,,,,,,,,,,,,,,
        Naturalized U.S. citizen,383,62,218,122,75,225,55,222,90,136,157,146,360,519,844,150,582,95,65,100,540,24,401,200,526,740,887,231,40,766,493,398,127,162,450,141,106,186,74,20,11,55,22,8,571,159,"1,263",588,147,592,298,152,535,409,275,678,"1,017",271,,,,,,,,,,,,,,,,,,,,,,,,,,,,,,,,,,,,,,,,,,,,,,,,,,,,,,,,,,,,,,,,,,,,,,,,,,,,,,,,,,,,,,,,,,,,,,,,,,,,,,,,,,,,,,,,,,,,,,,,,,,,,,,,,,,,,,,,,,,,,,,,,,,,,,,,,,,,,,,,,,,,,,,,,,,,,,,,,,,,,,,,,,,,,,,,,,,,,,,,,,,,,,,,,,,,,,,,,,,,,,,,,,,,,,,,,,,,,,,,,,,,,,,,,,,,,,,,,,,,,,,,,,,,,,,,,,,,,,,,,,,,,,,,,,,,,,,,,,,,,,,,,,,,,,,,,,,,,,,,,,,,,,,,,,,,,,,,,,,,,,,,,,,,,,,,,,,,,,,,,,,,,,,,,,,,,,,,,,,,,,,,,,,,,,,,,,,,,,,,,,,,,,,,,,,,,,,,,,,,,,,,,,,,,,,,,,,,,,,,,,,,,,,,,,,,,,,,,,,,,,,,
        Not a U.S. citizen,263,150,13,34,15,180,11,107,453,289,127,411,649,219,90,58,385,674,61,259,704,158,699,920,935,878,313,229,37,33,525,173,39,78,120,256,41,42,9,131,63,79,34,68,145,19,941,169,140,257,126,133,164,689,315,435,227,51,,,,,,,,,,,,,,,,,,,,,,,,,,,,,,,,,,,,,,,,,,,,,,,,,,,,,,,,,,,,,,,,,,,,,,,,,,,,,,,,,,,,,,,,,,,,,,,,,,,,,,,,,,,,,,,,,,,,,,,,,,,,,,,,,,,,,,,,,,,,,,,,,,,,,,,,,,,,,,,,,,,,,,,,,,,,,,,,,,,,,,,,,,,,,,,,,,,,,,,,,,,,,,,,,,,,,,,,,,,,,,,,,,,,,,,,,,,,,,,,,,,,,,,,,,,,,,,,,,,,,,,,,,,,,,,,,,,,,,,,,,,,,,,,,,,,,,,,,,,,,,,,,,,,,,,,,,,,,,,,,,,,,,,,,,,,,,,,,,,,,,,,,,,,,,,,,,,,,,,,,,,,,,,,,,,,,,,,,,,,,,,,,,,,,,,,,,,,,,,,,,,,,,,,,,,,,,,,,,,,,,,,,,,,,,,,,,,,,,,,,,,,,,,,,,,,,,,,,,,,,,,,
WORLD REGION OF BIRTH OF FOREIGN-BORN,,,,,,,,,,,,,,,,,,,,,,,,,,,,,,,,,,,,,,,,,,,,,,,,,,,,,,,,,,,,,,,,,,,,,,,,,,,,,,,,,,,,,,,,,,,,,,,,,,,,,,,,,,,,,,,,,,,,,,,,,,,,,,,,,,,,,,,,,,,,,,,,,,,,,,,,,,,,,,,,,,,,,,,,,,,,,,,,,,,,,,,,,,,,,,,,,,,,,,,,,,,,,,,,,,,,,,,,,,,,,,,,,,,,,,,,,,,,,,,,,,,,,,,,,,,,,,,,,,,,,,,,,,,,,,,,,,,,,,,,,,,,,,,,,,,,,,,,,,,,,,,,,,,,,,,,,,,,,,,,,,,,,,,,,,,,,,,,,,,,,,,,,,,,,,,,,,,,,,,,,,,,,,,,,,,,,,,,,,,,,,,,,,,,,,,,,,,,,,,,,,,,,,,,,,,,,,,,,,,,,,,,,,,,,,,,,,,,,,,,,,,,,,,,,,,,,,,,,,,,,,,,,,,,,,,,,,,,,,,,,,,,,,,,,,,,,,,,,,,,,,,,,,,,,,,,,,,,,,,,,,
"    Foreign-born population, excluding population born at sea",646,212,231,156,90,405,66,329,543,425,284,557,"1,009",738,934,208,967,769,126,359,"1,244",182,"1,100","1,120","1,461","1,618","1,200",460,77,799,"1,018",571,166,240,570,397,147,228,83,151,74,134,56,76,716,178,"2,204",757,287,849,424,285,699,"1,098",590,"1,113","1,244",322,,,,,,,,,,,,,,,,,,,,,,,,,,,,,,,,,,,,,,,,,,,,,,,,,,,,,,,,,,,,,,,,,,,,,,,,,,,,,,,,,,,,,,,,,,,,,,,,,,,,,,,,,,,,,,,,,,,,,,,,,,,,,,,,,,,,,,,,,,,,,,,,,,,,,,,,,,,,,,,,,,,,,,,,,,,,,,,,,,,,,,,,,,,,,,,,,,,,,,,,,,,,,,,,,,,,,,,,,,,,,,,,,,,,,,,,,,,,,,,,,,,,,,,,,,,,,,,,,,,,,,,,,,,,,,,,,,,,,,,,,,,,,,,,,,,,,,,,,,,,,,,,,,,,,,,,,,,,,,,,,,,,,,,,,,,,,,,,,,,,,,,,,,,,,,,,,,,,,,,,,,,,,,,,,,,,,,,,,,,,,,,,,,,,,,,,,,,,,,,,,,,,,,,,,,,,,,,,,,,,,,,,,,,,,,,,,,,,,,,,,,,,,,,,,,,,,,,,,,,,,,,,
        Europe,22,40,7,21,0,101,0,0,21,97,62,120,132,118,146,7,60,116,8,35,21,83,8,56,552,239,235,52,14,119,124,155,0,0,221,57,33,0,9,93,7,66,15,27,72,57,274,175,60,190,62,194,0,166,83,45,218,25,,,,,,,,,,,,,,,,,,,,,,,,,,,,,,,,,,,,,,,,,,,,,,,,,,,,,,,,,,,,,,,,,,,,,,,,,,,,,,,,,,,,,,,,,,,,,,,,,,,,,,,,,,,,,,,,,,,,,,,,,,,,,,,,,,,,,,,,,,,,,,,,,,,,,,,,,,,,,,,,,,,,,,,,,,,,,,,,,,,,,,,,,,,,,,,,,,,,,,,,,,,,,,,,,,,,,,,,,,,,,,,,,,,,,,,,,,,,,,,,,,,,,,,,,,,,,,,,,,,,,,,,,,,,,,,,,,,,,,,,,,,,,,,,,,,,,,,,,,,,,,,,,,,,,,,,,,,,,,,,,,,,,,,,,,,,,,,,,,,,,,,,,,,,,,,,,,,,,,,,,,,,,,,,,,,,,,,,,,,,,,,,,,,,,,,,,,,,,,,,,,,,,,,,,,,,,,,,,,,,,,,,,,,,,,,,,,,,,,,,,,,,,,,,,,,,,,,,,,,,,,,,
        Asia,36,70,29,37,29,68,3,0,374,165,110,236,475,219,565,188,322,130,4,176,501,60,801,828,176,387,388,63,15,148,307,344,0,0,75,15,10,73,16,14,49,24,5,41,233,59,"1,314",295,159,450,144,0,269,428,127,910,761,136,,,,,,,,,,,,,,,,,,,,,,,,,,,,,,,,,,,,,,,,,,,,,,,,,,,,,,,,,,,,,,,,,,,,,,,,,,,,,,,,,,,,,,,,,,,,,,,,,,,,,,,,,,,,,,,,,,,,,,,,,,,,,,,,,,,,,,,,,,,,,,,,,,,,,,,,,,,,,,,,,,,,,,,,,,,,,,,,,,,,,,,,,,,,,,,,,,,,,,,,,,,,,,,,,,,,,,,,,,,,,,,,,,,,,,,,,,,,,,,,,,,,,,,,,,,,,,,,,,,,,,,,,,,,,,,,,,,,,,,,,,,,,,,,,,,,,,,,,,,,,,,,,,,,,,,,,,,,,,,,,,,,,,,,,,,,,,,,,,,,,,,,,,,,,,,,,,,,,,,,,,,,,,,,,,,,,,,,,,,,,,,,,,,,,,,,,,,,,,,,,,,,,,,,,,,,,,,,,,,,,,,,,,,,,,,,,,,,,,,,,,,,,,,,,,,,,,,,,,,,,,,,
        Africa,0,17,0,0,15,91,34,0,8,33,23,0,23,42,8,0,0,418,0,84,0,0,21,0,313,182,18,0,0,66,0,18,0,25,0,0,15,0,0,0,0,0,14,0,0,0,33,20,0,0,0,0,22,139,0,0,0,46,,,,,,,,,,,,,,,,,,,,,,,,,,,,,,,,,,,,,,,,,,,,,,,,,,,,,,,,,,,,,,,,,,,,,,,,,,,,,,,,,,,,,,,,,,,,,,,,,,,,,,,,,,,,,,,,,,,,,,,,,,,,,,,,,,,,,,,,,,,,,,,,,,,,,,,,,,,,,,,,,,,,,,,,,,,,,,,,,,,,,,,,,,,,,,,,,,,,,,,,,,,,,,,,,,,,,,,,,,,,,,,,,,,,,,,,,,,,,,,,,,,,,,,,,,,,,,,,,,,,,,,,,,,,,,,,,,,,,,,,,,,,,,,,,,,,,,,,,,,,,,,,,,,,,,,,,,,,,,,,,,,,,,,,,,,,,,,,,,,,,,,,,,,,,,,,,,,,,,,,,,,,,,,,,,,,,,,,,,,,,,,,,,,,,,,,,,,,,,,,,,,,,,,,,,,,,,,,,,,,,,,,,,,,,,,,,,,,,,,,,,,,,,,,,,,,,,,,,,,,,,,,
        Oceania,0,0,0,0,0,21,0,0,0,0,38,0,0,0,12,0,0,0,0,0,0,0,0,0,0,0,8,0,0,0,30,0,0,0,0,0,0,0,0,0,0,0,0,0,0,0,0,0,0,0,0,0,0,0,0,0,0,0,,,,,,,,,,,,,,,,,,,,,,,,,,,,,,,,,,,,,,,,,,,,,,,,,,,,,,,,,,,,,,,,,,,,,,,,,,,,,,,,,,,,,,,,,,,,,,,,,,,,,,,,,,,,,,,,,,,,,,,,,,,,,,,,,,,,,,,,,,,,,,,,,,,,,,,,,,,,,,,,,,,,,,,,,,,,,,,,,,,,,,,,,,,,,,,,,,,,,,,,,,,,,,,,,,,,,,,,,,,,,,,,,,,,,,,,,,,,,,,,,,,,,,,,,,,,,,,,,,,,,,,,,,,,,,,,,,,,,,,,,,,,,,,,,,,,,,,,,,,,,,,,,,,,,,,,,,,,,,,,,,,,,,,,,,,,,,,,,,,,,,,,,,,,,,,,,,,,,,,,,,,,,,,,,,,,,,,,,,,,,,,,,,,,,,,,,,,,,,,,,,,,,,,,,,,,,,,,,,,,,,,,,,,,,,,,,,,,,,,,,,,,,,,,,,,,,,,,,,,,,,,,
        Latin America,588,85,195,98,46,88,29,234,122,130,51,164,349,359,167,2,556,105,100,58,722,39,270,236,420,700,404,313,36,466,557,54,166,182,226,325,72,142,58,44,18,38,22,8,411,62,478,266,68,149,218,65,408,365,346,158,248,109,,,,,,,,,,,,,,,,,,,,,,,,,,,,,,,,,,,,,,,,,,,,,,,,,,,,,,,,,,,,,,,,,,,,,,,,,,,,,,,,,,,,,,,,,,,,,,,,,,,,,,,,,,,,,,,,,,,,,,,,,,,,,,,,,,,,,,,,,,,,,,,,,,,,,,,,,,,,,,,,,,,,,,,,,,,,,,,,,,,,,,,,,,,,,,,,,,,,,,,,,,,,,,,,,,,,,,,,,,,,,,,,,,,,,,,,,,,,,,,,,,,,,,,,,,,,,,,,,,,,,,,,,,,,,,,,,,,,,,,,,,,,,,,,,,,,,,,,,,,,,,,,,,,,,,,,,,,,,,,,,,,,,,,,,,,,,,,,,,,,,,,,,,,,,,,,,,,,,,,,,,,,,,,,,,,,,,,,,,,,,,,,,,,,,,,,,,,,,,,,,,,,,,,,,,,,,,,,,,,,,,,,,,,,,,,,,,,,,,,,,,,,,,,,,,,,,,,,,,,,,,,,
        Northern America,0,0,0,0,0,36,0,95,18,0,0,37,30,0,36,11,29,0,14,6,0,0,0,0,0,110,147,32,12,0,0,0,0,33,48,0,17,13,0,0,0,6,0,0,0,0,105,1,0,60,0,26,0,0,34,0,17,6,,,,,,,,,,,,,,,,,,,,,,,,,,,,,,,,,,,,,,,,,,,,,,,,,,,,,,,,,,,,,,,,,,,,,,,,,,,,,,,,,,,,,,,,,,,,,,,,,,,,,,,,,,,,,,,,,,,,,,,,,,,,,,,,,,,,,,,,,,,,,,,,,,,,,,,,,,,,,,,,,,,,,,,,,,,,,,,,,,,,,,,,,,,,,,,,,,,,,,,,,,,,,,,,,,,,,,,,,,,,,,,,,,,,,,,,,,,,,,,,,,,,,,,,,,,,,,,,,,,,,,,,,,,,,,,,,,,,,,,,,,,,,,,,,,,,,,,,,,,,,,,,,,,,,,,,,,,,,,,,,,,,,,,,,,,,,,,,,,,,,,,,,,,,,,,,,,,,,,,,,,,,,,,,,,,,,,,,,,,,,,,,,,,,,,,,,,,,,,,,,,,,,,,,,,,,,,,,,,,,,,,,,,,,,,,,,,,,,,,,,,,,,,,,,,,,,,,,,,,,,,,,
LANGUAGE SPOKEN AT HOME,,,,,,,,,,,,,,,,,,,,,,,,,,,,,,,,,,,,,,,,,,,,,,,,,,,,,,,,,,,,,,,,,,,,,,,,,,,,,,,,,,,,,,,,,,,,,,,,,,,,,,,,,,,,,,,,,,,,,,,,,,,,,,,,,,,,,,,,,,,,,,,,,,,,,,,,,,,,,,,,,,,,,,,,,,,,,,,,,,,,,,,,,,,,,,,,,,,,,,,,,,,,,,,,,,,,,,,,,,,,,,,,,,,,,,,,,,,,,,,,,,,,,,,,,,,,,,,,,,,,,,,,,,,,,,,,,,,,,,,,,,,,,,,,,,,,,,,,,,,,,,,,,,,,,,,,,,,,,,,,,,,,,,,,,,,,,,,,,,,,,,,,,,,,,,,,,,,,,,,,,,,,,,,,,,,,,,,,,,,,,,,,,,,,,,,,,,,,,,,,,,,,,,,,,,,,,,,,,,,,,,,,,,,,,,,,,,,,,,,,,,,,,,,,,,,,,,,,,,,,,,,,,,,,,,,,,,,,,,,,,,,,,,,,,,,,,,,,,,,,,,,,,,,,,,,,,,,,,,,,,,
    Population 5 years and over,"5,236","5,751","3,976","2,395","5,272","4,673","4,052","6,138","3,299","3,739","1,382","3,545","8,723","7,563","6,322","2,622","6,897","3,539","3,649","1,885","6,097","2,622","5,566","2,457","7,727","9,026","6,455","5,128","3,160","5,877","6,428","3,802","1,961","5,571","4,317","4,741","4,450","3,911","2,431","5,246","1,352","3,728","1,843",973,"6,458","6,365","11,829","3,766","2,868","7,772","4,697","6,701","3,041","6,415","2,514","5,411","6,651","2,087",,,,,,,,,,,,,,,,,,,,,,,,,,,,,,,,,,,,,,,,,,,,,,,,,,,,,,,,,,,,,,,,,,,,,,,,,,,,,,,,,,,,,,,,,,,,,,,,,,,,,,,,,,,,,,,,,,,,,,,,,,,,,,,,,,,,,,,,,,,,,,,,,,,,,,,,,,,,,,,,,,,,,,,,,,,,,,,,,,,,,,,,,,,,,,,,,,,,,,,,,,,,,,,,,,,,,,,,,,,,,,,,,,,,,,,,,,,,,,,,,,,,,,,,,,,,,,,,,,,,,,,,,,,,,,,,,,,,,,,,,,,,,,,,,,,,,,,,,,,,,,,,,,,,,,,,,,,,,,,,,,,,,,,,,,,,,,,,,,,,,,,,,,,,,,,,,,,,,,,,,,,,,,,,,,,,,,,,,,,,,,,,,,,,,,,,,,,,,,,,,,,,,,,,,,,,,,,,,,,,,,,,,,,,,,,,,,,,,,,,,,,,,,,,,,,,,,,,,,,,,,,,
        English only,"4,449","4,676","3,653","2,173","4,885","4,198","3,993","5,667","2,232","3,280","1,141","2,431","6,444","6,313","5,056","2,284","5,747","2,575","3,429","1,381","4,201","2,134","4,151","1,191","6,028","7,326","5,022","4,537","3,008","5,261","5,334","3,215","1,708","5,162","3,781","4,174","4,039","3,488","2,243","5,050","1,258","3,597","1,729",888,"5,713","6,041","9,430","2,760","2,559","6,786","3,724","5,622","2,211","4,795","1,762","4,204","5,136","1,777",,,,,,,,,,,,,,,,,,,,,,,,,,,,,,,,,,,,,,,,,,,,,,,,,,,,,,,,,,,,,,,,,,,,,,,,,,,,,,,,,,,,,,,,,,,,,,,,,,,,,,,,,,,,,,,,,,,,,,,,,,,,,,,,,,,,,,,,,,,,,,,,,,,,,,,,,,,,,,,,,,,,,,,,,,,,,,,,,,,,,,,,,,,,,,,,,,,,,,,,,,,,,,,,,,,,,,,,,,,,,,,,,,,,,,,,,,,,,,,,,,,,,,,,,,,,,,,,,,,,,,,,,,,,,,,,,,,,,,,,,,,,,,,,,,,,,,,,,,,,,,,,,,,,,,,,,,,,,,,,,,,,,,,,,,,,,,,,,,,,,,,,,,,,,,,,,,,,,,,,,,,,,,,,,,,,,,,,,,,,,,,,,,,,,,,,,,,,,,,,,,,,,,,,,,,,,,,,,,,,,,,,,,,,,,,,,,,,,,,,,,,,,,,,,,,,,,,,,,,,,,,,
        Language other than English,787,"1,075",323,222,387,475,59,471,"1,067",459,241,"1,114","2,279","1,250","1,266",338,"1,150",964,220,504,"1,896",488,"1,415","1,266","1,699","1,700","1,433",591,152,616,"1,094",587,253,409,536,567,411,423,188,196,94,131,114,85,745,324,"2,399","1,006",309,986,973,"1,079",830,"1,620",752,"1,207","1,515",310,,,,,,,,,,,,,,,,,,,,,,,,,,,,,,,,,,,,,,,,,,,,,,,,,,,,,,,,,,,,,,,,,,,,,,,,,,,,,,,,,,,,,,,,,,,,,,,,,,,,,,,,,,,,,,,,,,,,,,,,,,,,,,,,,,,,,,,,,,,,,,,,,,,,,,,,,,,,,,,,,,,,,,,,,,,,,,,,,,,,,,,,,,,,,,,,,,,,,,,,,,,,,,,,,,,,,,,,,,,,,,,,,,,,,,,,,,,,,,,,,,,,,,,,,,,,,,,,,,,,,,,,,,,,,,,,,,,,,,,,,,,,,,,,,,,,,,,,,,,,,,,,,,,,,,,,,,,,,,,,,,,,,,,,,,,,,,,,,,,,,,,,,,,,,,,,,,,,,,,,,,,,,,,,,,,,,,,,,,,,,,,,,,,,,,,,,,,,,,,,,,,,,,,,,,,,,,,,,,,,,,,,,,,,,,,,,,,,,,,,,,,,,,,,,,,,,,,,,,,,,,,,
"            Speak English less than ""very well""",28,89,91,112,114,0,6,183,190,41,22,182,491,88,343,33,138,36,89,73,337,84,259,129,315,325,297,178,25,367,273,114,149,105,231,127,28,90,58,67,20,16,16,3,319,36,553,156,60,107,291,239,266,197,41,315,127,57,,,,,,,,,,,,,,,,,,,,,,,,,,,,,,,,,,,,,,,,,,,,,,,,,,,,,,,,,,,,,,,,,,,,,,,,,,,,,,,,,,,,,,,,,,,,,,,,,,,,,,,,,,,,,,,,,,,,,,,,,,,,,,,,,,,,,,,,,,,,,,,,,,,,,,,,,,,,,,,,,,,,,,,,,,,,,,,,,,,,,,,,,,,,,,,,,,,,,,,,,,,,,,,,,,,,,,,,,,,,,,,,,,,,,,,,,,,,,,,,,,,,,,,,,,,,,,,,,,,,,,,,,,,,,,,,,,,,,,,,,,,,,,,,,,,,,,,,,,,,,,,,,,,,,,,,,,,,,,,,,,,,,,,,,,,,,,,,,,,,,,,,,,,,,,,,,,,,,,,,,,,,,,,,,,,,,,,,,,,,,,,,,,,,,,,,,,,,,,,,,,,,,,,,,,,,,,,,,,,,,,,,,,,,,,,,,,,,,,,,,,,,,,,,,,,,,,,,,,,,,,,,
        Spanish,480,721,279,205,362,235,13,262,510,163,102,423,"1,139",718,305,80,695,363,189,116,"1,095",239,485,319,569,"1,203",620,402,111,365,620,76,249,409,279,323,306,104,120,118,18,86,83,30,374,255,531,197,44,305,836,800,543,768,545,300,463,154,,,,,,,,,,,,,,,,,,,,,,,,,,,,,,,,,,,,,,,,,,,,,,,,,,,,,,,,,,,,,,,,,,,,,,,,,,,,,,,,,,,,,,,,,,,,,,,,,,,,,,,,,,,,,,,,,,,,,,,,,,,,,,,,,,,,,,,,,,,,,,,,,,,,,,,,,,,,,,,,,,,,,,,,,,,,,,,,,,,,,,,,,,,,,,,,,,,,,,,,,,,,,,,,,,,,,,,,,,,,,,,,,,,,,,,,,,,,,,,,,,,,,,,,,,,,,,,,,,,,,,,,,,,,,,,,,,,,,,,,,,,,,,,,,,,,,,,,,,,,,,,,,,,,,,,,,,,,,,,,,,,,,,,,,,,,,,,,,,,,,,,,,,,,,,,,,,,,,,,,,,,,,,,,,,,,,,,,,,,,,,,,,,,,,,,,,,,,,,,,,,,,,,,,,,,,,,,,,,,,,,,,,,,,,,,,,,,,,,,,,,,,,,,,,,,,,,,,,,,,,,,,
"            Speak English less than ""very well""",12,11,62,100,89,0,0,45,34,0,0,60,57,33,84,17,138,26,77,14,91,67,163,85,143,300,152,132,25,277,98,27,149,105,118,13,28,49,58,53,11,13,0,3,190,4,182,17,13,42,239,114,193,62,13,122,0,4,,,,,,,,,,,,,,,,,,,,,,,,,,,,,,,,,,,,,,,,,,,,,,,,,,,,,,,,,,,,,,,,,,,,,,,,,,,,,,,,,,,,,,,,,,,,,,,,,,,,,,,,,,,,,,,,,,,,,,,,,,,,,,,,,,,,,,,,,,,,,,,,,,,,,,,,,,,,,,,,,,,,,,,,,,,,,,,,,,,,,,,,,,,,,,,,,,,,,,,,,,,,,,,,,,,,,,,,,,,,,,,,,,,,,,,,,,,,,,,,,,,,,,,,,,,,,,,,,,,,,,,,,,,,,,,,,,,,,,,,,,,,,,,,,,,,,,,,,,,,,,,,,,,,,,,,,,,,,,,,,,,,,,,,,,,,,,,,,,,,,,,,,,,,,,,,,,,,,,,,,,,,,,,,,,,,,,,,,,,,,,,,,,,,,,,,,,,,,,,,,,,,,,,,,,,,,,,,,,,,,,,,,,,,,,,,,,,,,,,,,,,,,,,,,,,,,,,,,,,,,,,,
        Other Indo-European languages,242,167,15,12,15,189,12,209,442,127,37,341,421,298,224,13,316,142,27,185,417,168,573,283,766,441,443,128,14,37,182,262,4,0,158,244,105,226,37,64,0,33,24,17,184,19,962,526,162,464,15,169,55,98,179,314,301,77,,,,,,,,,,,,,,,,,,,,,,,,,,,,,,,,,,,,,,,,,,,,,,,,,,,,,,,,,,,,,,,,,,,,,,,,,,,,,,,,,,,,,,,,,,,,,,,,,,,,,,,,,,,,,,,,,,,,,,,,,,,,,,,,,,,,,,,,,,,,,,,,,,,,,,,,,,,,,,,,,,,,,,,,,,,,,,,,,,,,,,,,,,,,,,,,,,,,,,,,,,,,,,,,,,,,,,,,,,,,,,,,,,,,,,,,,,,,,,,,,,,,,,,,,,,,,,,,,,,,,,,,,,,,,,,,,,,,,,,,,,,,,,,,,,,,,,,,,,,,,,,,,,,,,,,,,,,,,,,,,,,,,,,,,,,,,,,,,,,,,,,,,,,,,,,,,,,,,,,,,,,,,,,,,,,,,,,,,,,,,,,,,,,,,,,,,,,,,,,,,,,,,,,,,,,,,,,,,,,,,,,,,,,,,,,,,,,,,,,,,,,,,,,,,,,,,,,,,,,,,,,,
"            Speak English less than ""very well""",0,63,0,7,15,0,6,138,146,0,7,9,126,24,29,0,0,0,8,22,87,0,25,0,112,25,94,35,0,0,50,65,0,0,97,114,0,41,0,0,0,3,11,0,88,0,235,23,47,64,15,15,0,31,28,108,0,32,,,,,,,,,,,,,,,,,,,,,,,,,,,,,,,,,,,,,,,,,,,,,,,,,,,,,,,,,,,,,,,,,,,,,,,,,,,,,,,,,,,,,,,,,,,,,,,,,,,,,,,,,,,,,,,,,,,,,,,,,,,,,,,,,,,,,,,,,,,,,,,,,,,,,,,,,,,,,,,,,,,,,,,,,,,,,,,,,,,,,,,,,,,,,,,,,,,,,,,,,,,,,,,,,,,,,,,,,,,,,,,,,,,,,,,,,,,,,,,,,,,,,,,,,,,,,,,,,,,,,,,,,,,,,,,,,,,,,,,,,,,,,,,,,,,,,,,,,,,,,,,,,,,,,,,,,,,,,,,,,,,,,,,,,,,,,,,,,,,,,,,,,,,,,,,,,,,,,,,,,,,,,,,,,,,,,,,,,,,,,,,,,,,,,,,,,,,,,,,,,,,,,,,,,,,,,,,,,,,,,,,,,,,,,,,,,,,,,,,,,,,,,,,,,,,,,,,,,,,,,,,,
        Asian and Pacific Islander languages,65,170,29,5,0,15,0,0,115,118,78,300,692,96,737,233,139,161,4,49,363,69,229,517,250,23,317,50,27,148,150,212,0,0,99,0,0,46,0,14,41,0,5,38,187,50,837,283,103,217,95,110,208,615,28,543,673,70,,,,,,,,,,,,,,,,,,,,,,,,,,,,,,,,,,,,,,,,,,,,,,,,,,,,,,,,,,,,,,,,,,,,,,,,,,,,,,,,,,,,,,,,,,,,,,,,,,,,,,,,,,,,,,,,,,,,,,,,,,,,,,,,,,,,,,,,,,,,,,,,,,,,,,,,,,,,,,,,,,,,,,,,,,,,,,,,,,,,,,,,,,,,,,,,,,,,,,,,,,,,,,,,,,,,,,,,,,,,,,,,,,,,,,,,,,,,,,,,,,,,,,,,,,,,,,,,,,,,,,,,,,,,,,,,,,,,,,,,,,,,,,,,,,,,,,,,,,,,,,,,,,,,,,,,,,,,,,,,,,,,,,,,,,,,,,,,,,,,,,,,,,,,,,,,,,,,,,,,,,,,,,,,,,,,,,,,,,,,,,,,,,,,,,,,,,,,,,,,,,,,,,,,,,,,,,,,,,,,,,,,,,,,,,,,,,,,,,,,,,,,,,,,,,,,,,,,,,,,,,,,
"            Speak English less than ""very well""",16,15,29,5,0,0,0,0,10,41,15,113,308,0,230,16,0,10,4,37,159,17,71,38,60,0,51,0,0,90,44,10,0,0,16,0,0,0,0,14,0,0,5,0,41,32,136,116,0,1,26,110,73,104,0,74,127,21,,,,,,,,,,,,,,,,,,,,,,,,,,,,,,,,,,,,,,,,,,,,,,,,,,,,,,,,,,,,,,,,,,,,,,,,,,,,,,,,,,,,,,,,,,,,,,,,,,,,,,,,,,,,,,,,,,,,,,,,,,,,,,,,,,,,,,,,,,,,,,,,,,,,,,,,,,,,,,,,,,,,,,,,,,,,,,,,,,,,,,,,,,,,,,,,,,,,,,,,,,,,,,,,,,,,,,,,,,,,,,,,,,,,,,,,,,,,,,,,,,,,,,,,,,,,,,,,,,,,,,,,,,,,,,,,,,,,,,,,,,,,,,,,,,,,,,,,,,,,,,,,,,,,,,,,,,,,,,,,,,,,,,,,,,,,,,,,,,,,,,,,,,,,,,,,,,,,,,,,,,,,,,,,,,,,,,,,,,,,,,,,,,,,,,,,,,,,,,,,,,,,,,,,,,,,,,,,,,,,,,,,,,,,,,,,,,,,,,,,,,,,,,,,,,,,,,,,,,,,,,,,
        Other languages,0,17,0,0,10,36,34,0,0,51,24,50,27,138,0,12,0,298,0,154,21,12,128,147,114,33,53,11,0,66,142,37,0,0,0,0,0,47,31,0,35,12,2,0,0,0,69,0,0,0,27,0,24,139,0,50,78,9,,,,,,,,,,,,,,,,,,,,,,,,,,,,,,,,,,,,,,,,,,,,,,,,,,,,,,,,,,,,,,,,,,,,,,,,,,,,,,,,,,,,,,,,,,,,,,,,,,,,,,,,,,,,,,,,,,,,,,,,,,,,,,,,,,,,,,,,,,,,,,,,,,,,,,,,,,,,,,,,,,,,,,,,,,,,,,,,,,,,,,,,,,,,,,,,,,,,,,,,,,,,,,,,,,,,,,,,,,,,,,,,,,,,,,,,,,,,,,,,,,,,,,,,,,,,,,,,,,,,,,,,,,,,,,,,,,,,,,,,,,,,,,,,,,,,,,,,,,,,,,,,,,,,,,,,,,,,,,,,,,,,,,,,,,,,,,,,,,,,,,,,,,,,,,,,,,,,,,,,,,,,,,,,,,,,,,,,,,,,,,,,,,,,,,,,,,,,,,,,,,,,,,,,,,,,,,,,,,,,,,,,,,,,,,,,,,,,,,,,,,,,,,,,,,,,,,,,,,,,,,,,
"            Speak English less than ""very well""",0,0,0,0,10,0,0,0,0,0,0,0,0,31,0,0,0,0,0,0,0,0,0,6,0,0,0,11,0,0,81,12,0,0,0,0,0,0,0,0,9,0,0,0,0,0,0,0,0,0,11,0,0,0,0,11,0,0,,,,,,,,,,,,,,,,,,,,,,,,,,,,,,,,,,,,,,,,,,,,,,,,,,,,,,,,,,,,,,,,,,,,,,,,,,,,,,,,,,,,,,,,,,,,,,,,,,,,,,,,,,,,,,,,,,,,,,,,,,,,,,,,,,,,,,,,,,,,,,,,,,,,,,,,,,,,,,,,,,,,,,,,,,,,,,,,,,,,,,,,,,,,,,,,,,,,,,,,,,,,,,,,,,,,,,,,,,,,,,,,,,,,,,,,,,,,,,,,,,,,,,,,,,,,,,,,,,,,,,,,,,,,,,,,,,,,,,,,,,,,,,,,,,,,,,,,,,,,,,,,,,,,,,,,,,,,,,,,,,,,,,,,,,,,,,,,,,,,,,,,,,,,,,,,,,,,,,,,,,,,,,,,,,,,,,,,,,,,,,,,,,,,,,,,,,,,,,,,,,,,,,,,,,,,,,,,,,,,,,,,,,,,,,,,,,,,,,,,,,,,,,,,,,,,,,,,,,,,,,,,
COMPUTERS_AND_INTERNET_USE,,,,,,,,,,,,,,,,,,,,,,,,,,,,,,,,,,,,,,,,,,,,,,,,,,,,,,,,,,,,,,,,,,,,,,,,,,,,,,,,,,,,,,,,,,,,,,,,,,,,,,,,,,,,,,,,,,,,,,,,,,,,,,,,,,,,,,,,,,,,,,,,,,,,,,,,,,,,,,,,,,,,,,,,,,,,,,,,,,,,,,,,,,,,,,,,,,,,,,,,,,,,,,,,,,,,,,,,,,,,,,,,,,,,,,,,,,,,,,,,,,,,,,,,,,,,,,,,,,,,,,,,,,,,,,,,,,,,,,,,,,,,,,,,,,,,,,,,,,,,,,,,,,,,,,,,,,,,,,,,,,,,,,,,,,,,,,,,,,,,,,,,,,,,,,,,,,,,,,,,,,,,,,,,,,,,,,,,,,,,,,,,,,,,,,,,,,,,,,,,,,,,,,,,,,,,,,,,,,,,,,,,,,,,,,,,,,,,,,,,,,,,,,,,,,,,,,,,,,,,,,,,,,,,,,,,,,,,,,,,,,,,,,,,,,,,,,,,,,,,,,,,,,,,,,,,,,,,,,,,,,
Total_households,"2,308","1,860","1,952","1,363","2,341","2,796","1,734","2,512","1,491","1,699",791,237,164,"3,509","2,940","1,358","3,217","1,619",896,"1,080","2,932","1,562","2,597",882,"4,386","4,022","3,402","2,361","1,192","2,802","3,147","1,648",792,"1,990","2,111","1,675","2,216","1,361","1,237","2,159",653,"1,613",885,531,"2,364","2,553","5,356","1,455","1,103","3,446","2,024","2,967","1,495","2,774","1,044","2,304","2,980",898,,,,,,,,,,,,,,,,,,,,,,,,,,,,,,,,,,,,,,,,,,,,,,,,,,,,,,,,,,,,,,,,,,,,,,,,,,,,,,,,,,,,,,,,,,,,,,,,,,,,,,,,,,,,,,,,,,,,,,,,,,,,,,,,,,,,,,,,,,,,,,,,,,,,,,,,,,,,,,,,,,,,,,,,,,,,,,,,,,,,,,,,,,,,,,,,,,,,,,,,,,,,,,,,,,,,,,,,,,,,,,,,,,,,,,,,,,,,,,,,,,,,,,,,,,,,,,,,,,,,,,,,,,,,,,,,,,,,,,,,,,,,,,,,,,,,,,,,,,,,,,,,,,,,,,,,,,,,,,,,,,,,,,,,,,,,,,,,,,,,,,,,,,,,,,,,,,,,,,,,,,,,,,,,,,,,,,,,,,,,,,,,,,,,,,,,,,,,,,,,,,,,,,,,,,,,,,,,,,,,,,,,,,,,,,,,,,,,,,,,,,,,,,,,,,,,,,,,,,,,,,,,
With_a_computer,"2,192","1,860","1,914","1,346","2,288","2,686","1,589","2,422","1,491","1,693",791,237,164,"3,484","2,887","1,249","3,095","1,617",888,"1,068","2,901","1,499","2,597",882,"4,099","4,022","3,180","2,263","1,050","2,781","3,132","1,626",776,"1,934","1,931","1,592","2,216","1,273","1,167","1,876",644,"1,494",865,423,"2,364","2,485","5,154","1,449","1,103","3,357","1,990","2,936","1,495","2,678",998,"2,304","2,980",870,,,,,,,,,,,,,,,,,,,,,,,,,,,,,,,,,,,,,,,,,,,,,,,,,,,,,,,,,,,,,,,,,,,,,,,,,,,,,,,,,,,,,,,,,,,,,,,,,,,,,,,,,,,,,,,,,,,,,,,,,,,,,,,,,,,,,,,,,,,,,,,,,,,,,,,,,,,,,,,,,,,,,,,,,,,,,,,,,,,,,,,,,,,,,,,,,,,,,,,,,,,,,,,,,,,,,,,,,,,,,,,,,,,,,,,,,,,,,,,,,,,,,,,,,,,,,,,,,,,,,,,,,,,,,,,,,,,,,,,,,,,,,,,,,,,,,,,,,,,,,,,,,,,,,,,,,,,,,,,,,,,,,,,,,,,,,,,,,,,,,,,,,,,,,,,,,,,,,,,,,,,,,,,,,,,,,,,,,,,,,,,,,,,,,,,,,,,,,,,,,,,,,,,,,,,,,,,,,,,,,,,,,,,,,,,,,,,,,,,,,,,,,,,,,,,,,,,,,,,,,,,,
With_a_broadband_Internet_subscription,"1,604","1,443","1,707","1,052","2,141","2,480","1,055","1,922","1,144","1,544",720,71,111,"3,306","2,835","1,225","3,034","1,508",677,936,"2,312","1,381","2,251",822,"3,603","3,301","2,876","2,275","1,090","2,625","3,063","1,639",718,"1,934","1,891","1,514","1,841",959,"1,022","1,820",538,"1,452",756,365,"2,255","2,337","4,852","1,395","1,082","3,143","2,006","2,569","1,268","2,469",946,"2,290","2,980",674,,,,,,,,,,,,,,,,,,,,,,,,,,,,,,,,,,,,,,,,,,,,,,,,,,,,,,,,,,,,,,,,,,,,,,,,,,,,,,,,,,,,,,,,,,,,,,,,,,,,,,,,,,,,,,,,,,,,,,,,,,,,,,,,,,,,,,,,,,,,,,,,,,,,,,,,,,,,,,,,,,,,,,,,,,,,,,,,,,,,,,,,,,,,,,,,,,,,,,,,,,,,,,,,,,,,,,,,,,,,,,,,,,,,,,,,,,,,,,,,,,,,,,,,,,,,,,,,,,,,,,,,,,,,,,,,,,,,,,,,,,,,,,,,,,,,,,,,,,,,,,,,,,,,,,,,,,,,,,,,,,,,,,,,,,,,,,,,,,,,,,,,,,,,,,,,,,,,,,,,,,,,,,,,,,,,,,,,,,,,,,,,,,,,,,,,,,,,,,,,,,,,,,,,,,,,,,,,,,,,,,,,,,,,,,,,,,,,,,,,,,,,,,,,,,,,,,,,,,,,,,,,
TYPES OF COMPUTER,,,,,,,,,,,,,,,,,,,,,,,,,,,,,,,,,,,,,,,,,,,,,,,,,,,,,,,,,,,,,,,,,,,,,,,,,,,,,,,,,,,,,,,,,,,,,,,,,,,,,,,,,,,,,,,,,,,,,,,,,,,,,,,,,,,,,,,,,,,,,,,,,,,,,,,,,,,,,,,,,,,,,,,,,,,,,,,,,,,,,,,,,,,,,,,,,,,,,,,,,,,,,,,,,,,,,,,,,,,,,,,,,,,,,,,,,,,,,,,,,,,,,,,,,,,,,,,,,,,,,,,,,,,,,,,,,,,,,,,,,,,,,,,,,,,,,,,,,,,,,,,,,,,,,,,,,,,,,,,,,,,,,,,,,,,,,,,,,,,,,,,,,,,,,,,,,,,,,,,,,,,,,,,,,,,,,,,,,,,,,,,,,,,,,,,,,,,,,,,,,,,,,,,,,,,,,,,,,,,,,,,,,,,,,,,,,,,,,,,,,,,,,,,,,,,,,,,,,,,,,,,,,,,,,,,,,,,,,,,,,,,,,,,,,,,,,,,,,,,,,,,,,,,,,,,,,,,,,,,,,,
        Has one or more types of computing devices:,"2,192","1,860","1,914","1,346","2,288","2,686","1,589","2,422","1,491","1,693",791,237,164,"3,484","2,887","1,249","3,095","1,617",888,"1,068","2,901","1,499","2,597",882,"4,099","4,022","3,180","2,263","1,050","2,781","3,132","1,626",776,"1,934","1,931","1,592","2,216","1,273","1,167","1,876",644,"1,494",865,423,"2,364","2,485","5,154","1,449","1,103","3,357","1,990","2,936","1,495","2,678",998,"2,304","2,980",870,,,,,,,,,,,,,,,,,,,,,,,,,,,,,,,,,,,,,,,,,,,,,,,,,,,,,,,,,,,,,,,,,,,,,,,,,,,,,,,,,,,,,,,,,,,,,,,,,,,,,,,,,,,,,,,,,,,,,,,,,,,,,,,,,,,,,,,,,,,,,,,,,,,,,,,,,,,,,,,,,,,,,,,,,,,,,,,,,,,,,,,,,,,,,,,,,,,,,,,,,,,,,,,,,,,,,,,,,,,,,,,,,,,,,,,,,,,,,,,,,,,,,,,,,,,,,,,,,,,,,,,,,,,,,,,,,,,,,,,,,,,,,,,,,,,,,,,,,,,,,,,,,,,,,,,,,,,,,,,,,,,,,,,,,,,,,,,,,,,,,,,,,,,,,,,,,,,,,,,,,,,,,,,,,,,,,,,,,,,,,,,,,,,,,,,,,,,,,,,,,,,,,,,,,,,,,,,,,,,,,,,,,,,,,,,,,,,,,,,,,,,,,,,,,,,,,,,,,,,,,,,,
            Desktop or laptop,"2,157","1,754","1,799","1,118","1,570","2,567",965,"1,261","1,321","1,555",779,237,141,"3,414","2,645","1,194","2,875","1,507",686,991,"2,331","1,453","2,261",827,"3,837","3,904","2,716","2,226",849,"2,365","2,644","1,555",710,"1,744","1,791","1,510","1,976",760,880,"1,763",428,"1,085",735,359,"2,131","2,234","4,784","1,293","1,090","2,963","1,797","2,471","1,131","2,253",896,"2,094","2,845",824,,,,,,,,,,,,,,,,,,,,,,,,,,,,,,,,,,,,,,,,,,,,,,,,,,,,,,,,,,,,,,,,,,,,,,,,,,,,,,,,,,,,,,,,,,,,,,,,,,,,,,,,,,,,,,,,,,,,,,,,,,,,,,,,,,,,,,,,,,,,,,,,,,,,,,,,,,,,,,,,,,,,,,,,,,,,,,,,,,,,,,,,,,,,,,,,,,,,,,,,,,,,,,,,,,,,,,,,,,,,,,,,,,,,,,,,,,,,,,,,,,,,,,,,,,,,,,,,,,,,,,,,,,,,,,,,,,,,,,,,,,,,,,,,,,,,,,,,,,,,,,,,,,,,,,,,,,,,,,,,,,,,,,,,,,,,,,,,,,,,,,,,,,,,,,,,,,,,,,,,,,,,,,,,,,,,,,,,,,,,,,,,,,,,,,,,,,,,,,,,,,,,,,,,,,,,,,,,,,,,,,,,,,,,,,,,,,,,,,,,,,,,,,,,,,,,,,,,,,,,,,,,
                Desktop or laptop with no other type of computing device,55,0,23,73,99,12,38,28,0,0,19,8,0,108,53,47,111,76,2,0,0,13,0,16,87,19,30,74,106,106,16,22,21,58,54,115,0,12,27,3,28,10,22,18,0,164,82,53,28,125,20,83,49,20,24,23,0,52,,,,,,,,,,,,,,,,,,,,,,,,,,,,,,,,,,,,,,,,,,,,,,,,,,,,,,,,,,,,,,,,,,,,,,,,,,,,,,,,,,,,,,,,,,,,,,,,,,,,,,,,,,,,,,,,,,,,,,,,,,,,,,,,,,,,,,,,,,,,,,,,,,,,,,,,,,,,,,,,,,,,,,,,,,,,,,,,,,,,,,,,,,,,,,,,,,,,,,,,,,,,,,,,,,,,,,,,,,,,,,,,,,,,,,,,,,,,,,,,,,,,,,,,,,,,,,,,,,,,,,,,,,,,,,,,,,,,,,,,,,,,,,,,,,,,,,,,,,,,,,,,,,,,,,,,,,,,,,,,,,,,,,,,,,,,,,,,,,,,,,,,,,,,,,,,,,,,,,,,,,,,,,,,,,,,,,,,,,,,,,,,,,,,,,,,,,,,,,,,,,,,,,,,,,,,,,,,,,,,,,,,,,,,,,,,,,,,,,,,,,,,,,,,,,,,,,,,,,,,,,,,
            Smartphone,"2,137","1,860","1,878","1,257","2,160","2,674","1,440","2,343","1,491","1,693",760,229,164,"3,346","2,834","1,202","2,975","1,541",875,"1,068","2,872","1,486","2,593",866,"4,012","3,884","2,998","2,091",933,"2,640","3,070","1,585",748,"1,876","1,877","1,477","2,192","1,173","1,135","1,794",576,"1,457",838,398,"2,352","2,321","4,980","1,388","1,075","3,187","1,941","2,853","1,446","2,592",974,"2,269","2,958",797,,,,,,,,,,,,,,,,,,,,,,,,,,,,,,,,,,,,,,,,,,,,,,,,,,,,,,,,,,,,,,,,,,,,,,,,,,,,,,,,,,,,,,,,,,,,,,,,,,,,,,,,,,,,,,,,,,,,,,,,,,,,,,,,,,,,,,,,,,,,,,,,,,,,,,,,,,,,,,,,,,,,,,,,,,,,,,,,,,,,,,,,,,,,,,,,,,,,,,,,,,,,,,,,,,,,,,,,,,,,,,,,,,,,,,,,,,,,,,,,,,,,,,,,,,,,,,,,,,,,,,,,,,,,,,,,,,,,,,,,,,,,,,,,,,,,,,,,,,,,,,,,,,,,,,,,,,,,,,,,,,,,,,,,,,,,,,,,,,,,,,,,,,,,,,,,,,,,,,,,,,,,,,,,,,,,,,,,,,,,,,,,,,,,,,,,,,,,,,,,,,,,,,,,,,,,,,,,,,,,,,,,,,,,,,,,,,,,,,,,,,,,,,,,,,,,,,,,,,,,,,,,
                Smartphone with no other type of computing device,0,61,115,176,298,63,530,900,120,105,0,0,10,40,224,38,102,67,101,42,541,38,324,55,159,108,268,17,88,247,375,42,55,122,55,82,186,125,202,106,188,259,122,46,164,183,245,156,0,231,79,410,274,344,43,28,29,25,,,,,,,,,,,,,,,,,,,,,,,,,,,,,,,,,,,,,,,,,,,,,,,,,,,,,,,,,,,,,,,,,,,,,,,,,,,,,,,,,,,,,,,,,,,,,,,,,,,,,,,,,,,,,,,,,,,,,,,,,,,,,,,,,,,,,,,,,,,,,,,,,,,,,,,,,,,,,,,,,,,,,,,,,,,,,,,,,,,,,,,,,,,,,,,,,,,,,,,,,,,,,,,,,,,,,,,,,,,,,,,,,,,,,,,,,,,,,,,,,,,,,,,,,,,,,,,,,,,,,,,,,,,,,,,,,,,,,,,,,,,,,,,,,,,,,,,,,,,,,,,,,,,,,,,,,,,,,,,,,,,,,,,,,,,,,,,,,,,,,,,,,,,,,,,,,,,,,,,,,,,,,,,,,,,,,,,,,,,,,,,,,,,,,,,,,,,,,,,,,,,,,,,,,,,,,,,,,,,,,,,,,,,,,,,,,,,,,,,,,,,,,,,,,,,,,,,,,,,,,,,,
            Tablet or other portable wireless computer,"1,605","1,154","1,299",679,"1,435","1,823",814,"1,084","1,045","1,072",464,134,146,"2,333","2,138",863,"1,962","1,110",531,721,"1,682",873,"1,412",616,"2,047","2,570","1,891","1,758",595,"1,823","2,062","1,347",519,"1,348","1,627","1,068","1,695",938,566,"1,428",380,851,554,289,"1,760","1,954","3,817","1,030",933,"2,148","1,473","2,015",763,"1,938",666,"1,813","2,393",632,,,,,,,,,,,,,,,,,,,,,,,,,,,,,,,,,,,,,,,,,,,,,,,,,,,,,,,,,,,,,,,,,,,,,,,,,,,,,,,,,,,,,,,,,,,,,,,,,,,,,,,,,,,,,,,,,,,,,,,,,,,,,,,,,,,,,,,,,,,,,,,,,,,,,,,,,,,,,,,,,,,,,,,,,,,,,,,,,,,,,,,,,,,,,,,,,,,,,,,,,,,,,,,,,,,,,,,,,,,,,,,,,,,,,,,,,,,,,,,,,,,,,,,,,,,,,,,,,,,,,,,,,,,,,,,,,,,,,,,,,,,,,,,,,,,,,,,,,,,,,,,,,,,,,,,,,,,,,,,,,,,,,,,,,,,,,,,,,,,,,,,,,,,,,,,,,,,,,,,,,,,,,,,,,,,,,,,,,,,,,,,,,,,,,,,,,,,,,,,,,,,,,,,,,,,,,,,,,,,,,,,,,,,,,,,,,,,,,,,,,,,,,,,,,,,,,,,,,,,,,,,,
                Tablet or other portable wireless computer with no other type of computing device,0,0,0,0,11,0,70,0,0,0,12,0,0,30,0,0,0,0,0,0,29,0,0,0,0,0,0,0,11,35,26,0,0,0,0,0,0,81,5,0,7,17,0,4,0,0,69,0,0,6,15,0,0,0,0,0,0,8,,,,,,,,,,,,,,,,,,,,,,,,,,,,,,,,,,,,,,,,,,,,,,,,,,,,,,,,,,,,,,,,,,,,,,,,,,,,,,,,,,,,,,,,,,,,,,,,,,,,,,,,,,,,,,,,,,,,,,,,,,,,,,,,,,,,,,,,,,,,,,,,,,,,,,,,,,,,,,,,,,,,,,,,,,,,,,,,,,,,,,,,,,,,,,,,,,,,,,,,,,,,,,,,,,,,,,,,,,,,,,,,,,,,,,,,,,,,,,,,,,,,,,,,,,,,,,,,,,,,,,,,,,,,,,,,,,,,,,,,,,,,,,,,,,,,,,,,,,,,,,,,,,,,,,,,,,,,,,,,,,,,,,,,,,,,,,,,,,,,,,,,,,,,,,,,,,,,,,,,,,,,,,,,,,,,,,,,,,,,,,,,,,,,,,,,,,,,,,,,,,,,,,,,,,,,,,,,,,,,,,,,,,,,,,,,,,,,,,,,,,,,,,,,,,,,,,,,,,,,,,,,
            Other computer,0,17,0,79,20,63,11,81,11,9,10,7,0,0,57,27,111,29,3,18,28,34,144,20,161,12,145,116,0,84,142,30,32,64,61,8,0,10,14,42,0,36,0,3,61,63,0,98,126,69,17,46,93,170,9,186,46,15,,,,,,,,,,,,,,,,,,,,,,,,,,,,,,,,,,,,,,,,,,,,,,,,,,,,,,,,,,,,,,,,,,,,,,,,,,,,,,,,,,,,,,,,,,,,,,,,,,,,,,,,,,,,,,,,,,,,,,,,,,,,,,,,,,,,,,,,,,,,,,,,,,,,,,,,,,,,,,,,,,,,,,,,,,,,,,,,,,,,,,,,,,,,,,,,,,,,,,,,,,,,,,,,,,,,,,,,,,,,,,,,,,,,,,,,,,,,,,,,,,,,,,,,,,,,,,,,,,,,,,,,,,,,,,,,,,,,,,,,,,,,,,,,,,,,,,,,,,,,,,,,,,,,,,,,,,,,,,,,,,,,,,,,,,,,,,,,,,,,,,,,,,,,,,,,,,,,,,,,,,,,,,,,,,,,,,,,,,,,,,,,,,,,,,,,,,,,,,,,,,,,,,,,,,,,,,,,,,,,,,,,,,,,,,,,,,,,,,,,,,,,,,,,,,,,,,,,,,,,,,,,
                Other computer with no other type of computing device,0,0,0,0,0,0,0,0,0,0,0,0,0,0,0,0,0,0,0,0,0,0,0,0,0,0,38,0,0,0,0,0,0,0,0,0,0,0,0,0,0,0,0,0,0,0,0,0,0,0,0,0,0,0,0,0,0,0,,,,,,,,,,,,,,,,,,,,,,,,,,,,,,,,,,,,,,,,,,,,,,,,,,,,,,,,,,,,,,,,,,,,,,,,,,,,,,,,,,,,,,,,,,,,,,,,,,,,,,,,,,,,,,,,,,,,,,,,,,,,,,,,,,,,,,,,,,,,,,,,,,,,,,,,,,,,,,,,,,,,,,,,,,,,,,,,,,,,,,,,,,,,,,,,,,,,,,,,,,,,,,,,,,,,,,,,,,,,,,,,,,,,,,,,,,,,,,,,,,,,,,,,,,,,,,,,,,,,,,,,,,,,,,,,,,,,,,,,,,,,,,,,,,,,,,,,,,,,,,,,,,,,,,,,,,,,,,,,,,,,,,,,,,,,,,,,,,,,,,,,,,,,,,,,,,,,,,,,,,,,,,,,,,,,,,,,,,,,,,,,,,,,,,,,,,,,,,,,,,,,,,,,,,,,,,,,,,,,,,,,,,,,,,,,,,,,,,,,,,,,,,,,,,,,,,,,,,,,,,,,
        No computer,116,0,38,17,53,110,145,90,0,6,0,0,0,25,53,109,122,2,8,12,31,63,0,0,287,0,222,98,142,21,15,22,16,56,180,83,0,88,70,283,9,119,20,108,0,68,202,6,0,89,34,31,0,96,46,0,0,28,,,,,,,,,,,,,,,,,,,,,,,,,,,,,,,,,,,,,,,,,,,,,,,,,,,,,,,,,,,,,,,,,,,,,,,,,,,,,,,,,,,,,,,,,,,,,,,,,,,,,,,,,,,,,,,,,,,,,,,,,,,,,,,,,,,,,,,,,,,,,,,,,,,,,,,,,,,,,,,,,,,,,,,,,,,,,,,,,,,,,,,,,,,,,,,,,,,,,,,,,,,,,,,,,,,,,,,,,,,,,,,,,,,,,,,,,,,,,,,,,,,,,,,,,,,,,,,,,,,,,,,,,,,,,,,,,,,,,,,,,,,,,,,,,,,,,,,,,,,,,,,,,,,,,,,,,,,,,,,,,,,,,,,,,,,,,,,,,,,,,,,,,,,,,,,,,,,,,,,,,,,,,,,,,,,,,,,,,,,,,,,,,,,,,,,,,,,,,,,,,,,,,,,,,,,,,,,,,,,,,,,,,,,,,,,,,,,,,,,,,,,,,,,,,,,,,,,,,,,,,,,,
TYPE OF INTERNET SUBSCRIPTIONS,,,,,,,,,,,,,,,,,,,,,,,,,,,,,,,,,,,,,,,,,,,,,,,,,,,,,,,,,,,,,,,,,,,,,,,,,,,,,,,,,,,,,,,,,,,,,,,,,,,,,,,,,,,,,,,,,,,,,,,,,,,,,,,,,,,,,,,,,,,,,,,,,,,,,,,,,,,,,,,,,,,,,,,,,,,,,,,,,,,,,,,,,,,,,,,,,,,,,,,,,,,,,,,,,,,,,,,,,,,,,,,,,,,,,,,,,,,,,,,,,,,,,,,,,,,,,,,,,,,,,,,,,,,,,,,,,,,,,,,,,,,,,,,,,,,,,,,,,,,,,,,,,,,,,,,,,,,,,,,,,,,,,,,,,,,,,,,,,,,,,,,,,,,,,,,,,,,,,,,,,,,,,,,,,,,,,,,,,,,,,,,,,,,,,,,,,,,,,,,,,,,,,,,,,,,,,,,,,,,,,,,,,,,,,,,,,,,,,,,,,,,,,,,,,,,,,,,,,,,,,,,,,,,,,,,,,,,,,,,,,,,,,,,,,,,,,,,,,,,,,,,,,,,,,,,,,,,,,,,,,,
        With an Internet subscription:,"1,604","1,443","1,722","1,052","2,141","2,480","1,055","1,922","1,144","1,544",720,71,111,"3,306","2,835","1,225","3,034","1,508",677,936,"2,312","1,381","2,251",822,"3,603","3,301","2,902","2,275","1,090","2,625","3,063","1,639",735,"1,934","1,891","1,514","1,841",959,"1,022","1,820",538,"1,455",761,369,"2,255","2,337","4,852","1,395","1,082","3,143","2,006","2,569","1,268","2,469",946,"2,290","2,980",687,,,,,,,,,,,,,,,,,,,,,,,,,,,,,,,,,,,,,,,,,,,,,,,,,,,,,,,,,,,,,,,,,,,,,,,,,,,,,,,,,,,,,,,,,,,,,,,,,,,,,,,,,,,,,,,,,,,,,,,,,,,,,,,,,,,,,,,,,,,,,,,,,,,,,,,,,,,,,,,,,,,,,,,,,,,,,,,,,,,,,,,,,,,,,,,,,,,,,,,,,,,,,,,,,,,,,,,,,,,,,,,,,,,,,,,,,,,,,,,,,,,,,,,,,,,,,,,,,,,,,,,,,,,,,,,,,,,,,,,,,,,,,,,,,,,,,,,,,,,,,,,,,,,,,,,,,,,,,,,,,,,,,,,,,,,,,,,,,,,,,,,,,,,,,,,,,,,,,,,,,,,,,,,,,,,,,,,,,,,,,,,,,,,,,,,,,,,,,,,,,,,,,,,,,,,,,,,,,,,,,,,,,,,,,,,,,,,,,,,,,,,,,,,,,,,,,,,,,,,,,,,,
            Dial-up with no other type of Internet subscription,0,0,15,0,0,0,0,0,0,0,0,0,0,0,0,0,0,0,0,0,0,0,0,0,0,0,26,0,0,0,0,0,17,0,0,0,0,0,0,0,0,3,5,4,0,0,0,0,0,0,0,0,0,0,0,0,0,13,,,,,,,,,,,,,,,,,,,,,,,,,,,,,,,,,,,,,,,,,,,,,,,,,,,,,,,,,,,,,,,,,,,,,,,,,,,,,,,,,,,,,,,,,,,,,,,,,,,,,,,,,,,,,,,,,,,,,,,,,,,,,,,,,,,,,,,,,,,,,,,,,,,,,,,,,,,,,,,,,,,,,,,,,,,,,,,,,,,,,,,,,,,,,,,,,,,,,,,,,,,,,,,,,,,,,,,,,,,,,,,,,,,,,,,,,,,,,,,,,,,,,,,,,,,,,,,,,,,,,,,,,,,,,,,,,,,,,,,,,,,,,,,,,,,,,,,,,,,,,,,,,,,,,,,,,,,,,,,,,,,,,,,,,,,,,,,,,,,,,,,,,,,,,,,,,,,,,,,,,,,,,,,,,,,,,,,,,,,,,,,,,,,,,,,,,,,,,,,,,,,,,,,,,,,,,,,,,,,,,,,,,,,,,,,,,,,,,,,,,,,,,,,,,,,,,,,,,,,,,,,,
            Broadband of any type,"1,604","1,443","1,707","1,052","2,141","2,480","1,055","1,922","1,144","1,544",720,71,111,"3,306","2,835","1,225","3,034","1,508",677,936,"2,312","1,381","2,251",822,"3,603","3,301","2,876","2,275","1,090","2,625","3,063","1,639",718,"1,934","1,891","1,514","1,841",959,"1,022","1,820",538,"1,452",756,365,"2,255","2,337","4,852","1,395","1,082","3,143","2,006","2,569","1,268","2,469",946,"2,290","2,980",674,,,,,,,,,,,,,,,,,,,,,,,,,,,,,,,,,,,,,,,,,,,,,,,,,,,,,,,,,,,,,,,,,,,,,,,,,,,,,,,,,,,,,,,,,,,,,,,,,,,,,,,,,,,,,,,,,,,,,,,,,,,,,,,,,,,,,,,,,,,,,,,,,,,,,,,,,,,,,,,,,,,,,,,,,,,,,,,,,,,,,,,,,,,,,,,,,,,,,,,,,,,,,,,,,,,,,,,,,,,,,,,,,,,,,,,,,,,,,,,,,,,,,,,,,,,,,,,,,,,,,,,,,,,,,,,,,,,,,,,,,,,,,,,,,,,,,,,,,,,,,,,,,,,,,,,,,,,,,,,,,,,,,,,,,,,,,,,,,,,,,,,,,,,,,,,,,,,,,,,,,,,,,,,,,,,,,,,,,,,,,,,,,,,,,,,,,,,,,,,,,,,,,,,,,,,,,,,,,,,,,,,,,,,,,,,,,,,,,,,,,,,,,,,,,,,,,,,,,,,,,,,,
                Cellular data plan,"1,563","1,398","1,701","1,052","2,090","2,365","1,036","1,704","1,076","1,544",713,71,111,"3,238","2,583","1,121","2,833","1,459",638,886,"2,266","1,219","2,112",807,"3,575","3,254","2,616","2,143",980,"2,474","3,048","1,607",686,"1,858","1,778","1,477","1,780",857,950,"1,779",465,"1,364",741,351,"2,221","2,125","4,356","1,368","1,065","3,031","1,939","2,371","1,144","2,424",898,"2,279","2,814",632,,,,,,,,,,,,,,,,,,,,,,,,,,,,,,,,,,,,,,,,,,,,,,,,,,,,,,,,,,,,,,,,,,,,,,,,,,,,,,,,,,,,,,,,,,,,,,,,,,,,,,,,,,,,,,,,,,,,,,,,,,,,,,,,,,,,,,,,,,,,,,,,,,,,,,,,,,,,,,,,,,,,,,,,,,,,,,,,,,,,,,,,,,,,,,,,,,,,,,,,,,,,,,,,,,,,,,,,,,,,,,,,,,,,,,,,,,,,,,,,,,,,,,,,,,,,,,,,,,,,,,,,,,,,,,,,,,,,,,,,,,,,,,,,,,,,,,,,,,,,,,,,,,,,,,,,,,,,,,,,,,,,,,,,,,,,,,,,,,,,,,,,,,,,,,,,,,,,,,,,,,,,,,,,,,,,,,,,,,,,,,,,,,,,,,,,,,,,,,,,,,,,,,,,,,,,,,,,,,,,,,,,,,,,,,,,,,,,,,,,,,,,,,,,,,,,,,,,,,,,,,,,
                    Cellular data plan with no other type of Internet subscription,51,190,213,236,205,105,251,770,77,182,66,0,26,289,155,57,270,88,112,26,496,152,177,99,466,361,249,68,65,160,319,112,111,116,131,37,42,192,84,343,75,421,237,81,257,262,101,93,26,167,447,212,74,314,78,69,59,51,,,,,,,,,,,,,,,,,,,,,,,,,,,,,,,,,,,,,,,,,,,,,,,,,,,,,,,,,,,,,,,,,,,,,,,,,,,,,,,,,,,,,,,,,,,,,,,,,,,,,,,,,,,,,,,,,,,,,,,,,,,,,,,,,,,,,,,,,,,,,,,,,,,,,,,,,,,,,,,,,,,,,,,,,,,,,,,,,,,,,,,,,,,,,,,,,,,,,,,,,,,,,,,,,,,,,,,,,,,,,,,,,,,,,,,,,,,,,,,,,,,,,,,,,,,,,,,,,,,,,,,,,,,,,,,,,,,,,,,,,,,,,,,,,,,,,,,,,,,,,,,,,,,,,,,,,,,,,,,,,,,,,,,,,,,,,,,,,,,,,,,,,,,,,,,,,,,,,,,,,,,,,,,,,,,,,,,,,,,,,,,,,,,,,,,,,,,,,,,,,,,,,,,,,,,,,,,,,,,,,,,,,,,,,,,,,,,,,,,,,,,,,,,,,,,,,,,,,,,,,,,,
"                Broadband such as cable, fiber optic or DSL","1,533","1,048","1,446",793,"1,805","2,348",804,"1,152",989,"1,334",654,71,85,"2,959","2,654","1,153","2,708","1,420",558,896,"1,769","1,158","2,059",712,"3,022","2,915","2,571","2,143",980,"2,432","2,732","1,514",553,"1,685","1,726","1,237","1,692",750,760,"1,363",348,855,341,197,"1,567","1,713","4,594","1,287","1,040","2,454","1,496","2,357","1,141","2,059",802,"2,208","2,871",594,,,,,,,,,,,,,,,,,,,,,,,,,,,,,,,,,,,,,,,,,,,,,,,,,,,,,,,,,,,,,,,,,,,,,,,,,,,,,,,,,,,,,,,,,,,,,,,,,,,,,,,,,,,,,,,,,,,,,,,,,,,,,,,,,,,,,,,,,,,,,,,,,,,,,,,,,,,,,,,,,,,,,,,,,,,,,,,,,,,,,,,,,,,,,,,,,,,,,,,,,,,,,,,,,,,,,,,,,,,,,,,,,,,,,,,,,,,,,,,,,,,,,,,,,,,,,,,,,,,,,,,,,,,,,,,,,,,,,,,,,,,,,,,,,,,,,,,,,,,,,,,,,,,,,,,,,,,,,,,,,,,,,,,,,,,,,,,,,,,,,,,,,,,,,,,,,,,,,,,,,,,,,,,,,,,,,,,,,,,,,,,,,,,,,,,,,,,,,,,,,,,,,,,,,,,,,,,,,,,,,,,,,,,,,,,,,,,,,,,,,,,,,,,,,,,,,,,,,,,,,,,,
                Satellite Internet service,57,111,58,21,204,69,142,32,48,127,49,5,0,279,64,18,120,106,7,97,238,150,191,34,76,135,233,50,88,109,99,72,58,265,83,245,158,21,148,114,120,175,189,72,403,425,367,28,110,706,67,135,125,390,76,89,136,51,,,,,,,,,,,,,,,,,,,,,,,,,,,,,,,,,,,,,,,,,,,,,,,,,,,,,,,,,,,,,,,,,,,,,,,,,,,,,,,,,,,,,,,,,,,,,,,,,,,,,,,,,,,,,,,,,,,,,,,,,,,,,,,,,,,,,,,,,,,,,,,,,,,,,,,,,,,,,,,,,,,,,,,,,,,,,,,,,,,,,,,,,,,,,,,,,,,,,,,,,,,,,,,,,,,,,,,,,,,,,,,,,,,,,,,,,,,,,,,,,,,,,,,,,,,,,,,,,,,,,,,,,,,,,,,,,,,,,,,,,,,,,,,,,,,,,,,,,,,,,,,,,,,,,,,,,,,,,,,,,,,,,,,,,,,,,,,,,,,,,,,,,,,,,,,,,,,,,,,,,,,,,,,,,,,,,,,,,,,,,,,,,,,,,,,,,,,,,,,,,,,,,,,,,,,,,,,,,,,,,,,,,,,,,,,,,,,,,,,,,,,,,,,,,,,,,,,,,,,,,,,,
        Without an Internet subscription,704,417,230,311,200,316,679,590,347,155,71,166,53,203,105,133,183,111,219,144,620,181,346,60,783,721,500,86,102,177,84,9,57,56,220,161,375,402,215,339,115,158,124,162,109,216,504,60,21,303,18,398,227,305,98,14,0,211,,,,,,,,,,,,,,,,,,,,,,,,,,,,,,,,,,,,,,,,,,,,,,,,,,,,,,,,,,,,,,,,,,,,,,,,,,,,,,,,,,,,,,,,,,,,,,,,,,,,,,,,,,,,,,,,,,,,,,,,,,,,,,,,,,,,,,,,,,,,,,,,,,,,,,,,,,,,,,,,,,,,,,,,,,,,,,,,,,,,,,,,,,,,,,,,,,,,,,,,,,,,,,,,,,,,,,,,,,,,,,,,,,,,,,,,,,,,,,,,,,,,,,,,,,,,,,,,,,,,,,,,,,,,,,,,,,,,,,,,,,,,,,,,,,,,,,,,,,,,,,,,,,,,,,,,,,,,,,,,,,,,,,,,,,,,,,,,,,,,,,,,,,,,,,,,,,,,,,,,,,,,,,,,,,,,,,,,,,,,,,,,,,,,,,,,,,,,,,,,,,,,,,,,,,,,,,,,,,,,,,,,,,,,,,,,,,,,,,,,,,,,,,,,,,,,,,,,,,,,,,,,
HOUSEHOLD INCOME IN THE PAST 12 MONTHS (IN 2024 INFLATION-ADJUSTED DOLLARS),,,,,,,,,,,,,,,,,,,,,,,,,,,,,,,,,,,,,,,,,,,,,,,,,,,,,,,,,,,,,,,,,,,,,,,,,,,,,,,,,,,,,,,,,,,,,,,,,,,,,,,,,,,,,,,,,,,,,,,,,,,,,,,,,,,,,,,,,,,,,,,,,,,,,,,,,,,,,,,,,,,,,,,,,,,,,,,,,,,,,,,,,,,,,,,,,,,,,,,,,,,,,,,,,,,,,,,,,,,,,,,,,,,,,,,,,,,,,,,,,,,,,,,,,,,,,,,,,,,,,,,,,,,,,,,,,,,,,,,,,,,,,,,,,,,,,,,,,,,,,,,,,,,,,,,,,,,,,,,,,,,,,,,,,,,,,,,,,,,,,,,,,,,,,,,,,,,,,,,,,,,,,,,,,,,,,,,,,,,,,,,,,,,,,,,,,,,,,,,,,,,,,,,,,,,,,,,,,,,,,,,,,,,,,,,,,,,,,,,,,,,,,,,,,,,,,,,,,,,,,,,,,,,,,,,,,,,,,,,,,,,,,,,,,,,,,,,,,,,,,,,,,,,,,,,,,,,,,,,,,,
"        Less than $20,000:","1,180","1,240",388,325,524,496,401,893,725,303,267,88,90,"1,516",210,85,309,88,207,445,909,615,576,179,"1,186",979,244,101,146,310,200,58,52,58,167,83,213,379,314,104,79,333,104,144,71,298,565,51,42,310,145,620,236,490,105,97,136,57,,,,,,,,,,,,,,,,,,,,,,,,,,,,,,,,,,,,,,,,,,,,,,,,,,,,,,,,,,,,,,,,,,,,,,,,,,,,,,,,,,,,,,,,,,,,,,,,,,,,,,,,,,,,,,,,,,,,,,,,,,,,,,,,,,,,,,,,,,,,,,,,,,,,,,,,,,,,,,,,,,,,,,,,,,,,,,,,,,,,,,,,,,,,,,,,,,,,,,,,,,,,,,,,,,,,,,,,,,,,,,,,,,,,,,,,,,,,,,,,,,,,,,,,,,,,,,,,,,,,,,,,,,,,,,,,,,,,,,,,,,,,,,,,,,,,,,,,,,,,,,,,,,,,,,,,,,,,,,,,,,,,,,,,,,,,,,,,,,,,,,,,,,,,,,,,,,,,,,,,,,,,,,,,,,,,,,,,,,,,,,,,,,,,,,,,,,,,,,,,,,,,,,,,,,,,,,,,,,,,,,,,,,,,,,,,,,,,,,,,,,,,,,,,,,,,,,,,,,,,,,,,
            With dial-up Internet subscription alone,0,0,0,0,0,0,0,0,0,0,0,0,0,0,0,0,0,0,0,0,0,0,0,0,0,0,0,0,0,0,0,0,0,0,0,0,0,0,0,0,0,0,0,0,0,0,0,0,0,0,0,0,0,0,0,0,0,0,,,,,,,,,,,,,,,,,,,,,,,,,,,,,,,,,,,,,,,,,,,,,,,,,,,,,,,,,,,,,,,,,,,,,,,,,,,,,,,,,,,,,,,,,,,,,,,,,,,,,,,,,,,,,,,,,,,,,,,,,,,,,,,,,,,,,,,,,,,,,,,,,,,,,,,,,,,,,,,,,,,,,,,,,,,,,,,,,,,,,,,,,,,,,,,,,,,,,,,,,,,,,,,,,,,,,,,,,,,,,,,,,,,,,,,,,,,,,,,,,,,,,,,,,,,,,,,,,,,,,,,,,,,,,,,,,,,,,,,,,,,,,,,,,,,,,,,,,,,,,,,,,,,,,,,,,,,,,,,,,,,,,,,,,,,,,,,,,,,,,,,,,,,,,,,,,,,,,,,,,,,,,,,,,,,,,,,,,,,,,,,,,,,,,,,,,,,,,,,,,,,,,,,,,,,,,,,,,,,,,,,,,,,,,,,,,,,,,,,,,,,,,,,,,,,,,,,,,,,,,,,,
            With a broadband Internet subscription,981,999,307,213,394,401,191,438,556,251,235,42,83,"1,410",210,70,273,81,106,407,582,530,290,179,775,808,235,101,123,214,200,49,52,36,26,76,185,159,177,88,47,285,83,28,71,178,504,9,42,273,145,510,176,321,105,83,136,39,,,,,,,,,,,,,,,,,,,,,,,,,,,,,,,,,,,,,,,,,,,,,,,,,,,,,,,,,,,,,,,,,,,,,,,,,,,,,,,,,,,,,,,,,,,,,,,,,,,,,,,,,,,,,,,,,,,,,,,,,,,,,,,,,,,,,,,,,,,,,,,,,,,,,,,,,,,,,,,,,,,,,,,,,,,,,,,,,,,,,,,,,,,,,,,,,,,,,,,,,,,,,,,,,,,,,,,,,,,,,,,,,,,,,,,,,,,,,,,,,,,,,,,,,,,,,,,,,,,,,,,,,,,,,,,,,,,,,,,,,,,,,,,,,,,,,,,,,,,,,,,,,,,,,,,,,,,,,,,,,,,,,,,,,,,,,,,,,,,,,,,,,,,,,,,,,,,,,,,,,,,,,,,,,,,,,,,,,,,,,,,,,,,,,,,,,,,,,,,,,,,,,,,,,,,,,,,,,,,,,,,,,,,,,,,,,,,,,,,,,,,,,,,,,,,,,,,,,,,,,,,,
            Without an Internet subscription,199,241,81,112,130,95,210,455,169,52,32,46,7,106,0,15,36,7,101,38,327,85,286,0,411,171,9,0,23,96,0,9,0,22,141,7,28,220,137,16,32,48,21,116,0,120,61,42,0,37,0,110,60,169,0,14,0,18,,,,,,,,,,,,,,,,,,,,,,,,,,,,,,,,,,,,,,,,,,,,,,,,,,,,,,,,,,,,,,,,,,,,,,,,,,,,,,,,,,,,,,,,,,,,,,,,,,,,,,,,,,,,,,,,,,,,,,,,,,,,,,,,,,,,,,,,,,,,,,,,,,,,,,,,,,,,,,,,,,,,,,,,,,,,,,,,,,,,,,,,,,,,,,,,,,,,,,,,,,,,,,,,,,,,,,,,,,,,,,,,,,,,,,,,,,,,,,,,,,,,,,,,,,,,,,,,,,,,,,,,,,,,,,,,,,,,,,,,,,,,,,,,,,,,,,,,,,,,,,,,,,,,,,,,,,,,,,,,,,,,,,,,,,,,,,,,,,,,,,,,,,,,,,,,,,,,,,,,,,,,,,,,,,,,,,,,,,,,,,,,,,,,,,,,,,,,,,,,,,,,,,,,,,,,,,,,,,,,,,,,,,,,,,,,,,,,,,,,,,,,,,,,,,,,,,,,,,,,,,,,
"        $20,000 to $74,999:",760,520,989,768,897,"1,166","1,020","1,095",555,823,317,127,74,989,721,741,"1,404",801,423,363,"1,614",738,"1,343",462,"2,909","1,858","1,218",949,630,948,"1,042",387,270,821,374,486,987,747,483,"1,085",380,760,269,169,687,960,"1,513",219,238,918,770,"2,041",836,"1,058",423,605,449,245,,,,,,,,,,,,,,,,,,,,,,,,,,,,,,,,,,,,,,,,,,,,,,,,,,,,,,,,,,,,,,,,,,,,,,,,,,,,,,,,,,,,,,,,,,,,,,,,,,,,,,,,,,,,,,,,,,,,,,,,,,,,,,,,,,,,,,,,,,,,,,,,,,,,,,,,,,,,,,,,,,,,,,,,,,,,,,,,,,,,,,,,,,,,,,,,,,,,,,,,,,,,,,,,,,,,,,,,,,,,,,,,,,,,,,,,,,,,,,,,,,,,,,,,,,,,,,,,,,,,,,,,,,,,,,,,,,,,,,,,,,,,,,,,,,,,,,,,,,,,,,,,,,,,,,,,,,,,,,,,,,,,,,,,,,,,,,,,,,,,,,,,,,,,,,,,,,,,,,,,,,,,,,,,,,,,,,,,,,,,,,,,,,,,,,,,,,,,,,,,,,,,,,,,,,,,,,,,,,,,,,,,,,,,,,,,,,,,,,,,,,,,,,,,,,,,,,,,,,,,,,,,
            With dial-up Internet subscription alone,0,0,15,0,0,0,0,0,0,0,0,0,0,0,0,0,0,0,0,0,0,0,0,0,0,0,0,0,0,0,0,0,17,0,0,0,0,0,0,0,0,3,0,4,0,0,0,0,0,0,0,0,0,0,0,0,0,8,,,,,,,,,,,,,,,,,,,,,,,,,,,,,,,,,,,,,,,,,,,,,,,,,,,,,,,,,,,,,,,,,,,,,,,,,,,,,,,,,,,,,,,,,,,,,,,,,,,,,,,,,,,,,,,,,,,,,,,,,,,,,,,,,,,,,,,,,,,,,,,,,,,,,,,,,,,,,,,,,,,,,,,,,,,,,,,,,,,,,,,,,,,,,,,,,,,,,,,,,,,,,,,,,,,,,,,,,,,,,,,,,,,,,,,,,,,,,,,,,,,,,,,,,,,,,,,,,,,,,,,,,,,,,,,,,,,,,,,,,,,,,,,,,,,,,,,,,,,,,,,,,,,,,,,,,,,,,,,,,,,,,,,,,,,,,,,,,,,,,,,,,,,,,,,,,,,,,,,,,,,,,,,,,,,,,,,,,,,,,,,,,,,,,,,,,,,,,,,,,,,,,,,,,,,,,,,,,,,,,,,,,,,,,,,,,,,,,,,,,,,,,,,,,,,,,,,,,,,,,,,,
            With a broadband Internet subscription,325,344,889,569,827,980,610,960,456,739,278,22,28,899,616,632,"1,331",697,375,295,"1,459",700,"1,301",446,"2,574","1,358",898,881,551,888,"1,042",387,229,801,348,395,675,572,405,796,306,653,206,131,578,873,"1,145",202,225,744,752,"1,777",719,"1,003",325,605,449,146,,,,,,,,,,,,,,,,,,,,,,,,,,,,,,,,,,,,,,,,,,,,,,,,,,,,,,,,,,,,,,,,,,,,,,,,,,,,,,,,,,,,,,,,,,,,,,,,,,,,,,,,,,,,,,,,,,,,,,,,,,,,,,,,,,,,,,,,,,,,,,,,,,,,,,,,,,,,,,,,,,,,,,,,,,,,,,,,,,,,,,,,,,,,,,,,,,,,,,,,,,,,,,,,,,,,,,,,,,,,,,,,,,,,,,,,,,,,,,,,,,,,,,,,,,,,,,,,,,,,,,,,,,,,,,,,,,,,,,,,,,,,,,,,,,,,,,,,,,,,,,,,,,,,,,,,,,,,,,,,,,,,,,,,,,,,,,,,,,,,,,,,,,,,,,,,,,,,,,,,,,,,,,,,,,,,,,,,,,,,,,,,,,,,,,,,,,,,,,,,,,,,,,,,,,,,,,,,,,,,,,,,,,,,,,,,,,,,,,,,,,,,,,,,,,,,,,,,,,,,,,,,
            Without an Internet subscription,435,176,85,199,70,186,410,135,99,84,39,105,46,90,105,109,73,104,48,68,155,38,42,16,335,500,320,68,79,60,0,0,24,20,26,91,312,175,78,289,74,104,63,34,109,87,368,17,13,174,18,264,117,55,98,0,0,91,,,,,,,,,,,,,,,,,,,,,,,,,,,,,,,,,,,,,,,,,,,,,,,,,,,,,,,,,,,,,,,,,,,,,,,,,,,,,,,,,,,,,,,,,,,,,,,,,,,,,,,,,,,,,,,,,,,,,,,,,,,,,,,,,,,,,,,,,,,,,,,,,,,,,,,,,,,,,,,,,,,,,,,,,,,,,,,,,,,,,,,,,,,,,,,,,,,,,,,,,,,,,,,,,,,,,,,,,,,,,,,,,,,,,,,,,,,,,,,,,,,,,,,,,,,,,,,,,,,,,,,,,,,,,,,,,,,,,,,,,,,,,,,,,,,,,,,,,,,,,,,,,,,,,,,,,,,,,,,,,,,,,,,,,,,,,,,,,,,,,,,,,,,,,,,,,,,,,,,,,,,,,,,,,,,,,,,,,,,,,,,,,,,,,,,,,,,,,,,,,,,,,,,,,,,,,,,,,,,,,,,,,,,,,,,,,,,,,,,,,,,,,,,,,,,,,,,,,,,,,,,,
"        $75,000 or more:",368,100,575,270,920,"1,134",313,524,211,573,207,22,0,"1,004","2,009",532,"1,504",730,266,272,409,209,678,241,291,"1,185","1,940","1,311",416,"1,544","1,905","1,203",470,"1,111","1,570","1,106","1,016",235,440,970,194,520,512,218,"1,606","1,295","3,278","1,185",823,"2,218","1,109",306,423,"1,226",516,"1,602","2,395",596,,,,,,,,,,,,,,,,,,,,,,,,,,,,,,,,,,,,,,,,,,,,,,,,,,,,,,,,,,,,,,,,,,,,,,,,,,,,,,,,,,,,,,,,,,,,,,,,,,,,,,,,,,,,,,,,,,,,,,,,,,,,,,,,,,,,,,,,,,,,,,,,,,,,,,,,,,,,,,,,,,,,,,,,,,,,,,,,,,,,,,,,,,,,,,,,,,,,,,,,,,,,,,,,,,,,,,,,,,,,,,,,,,,,,,,,,,,,,,,,,,,,,,,,,,,,,,,,,,,,,,,,,,,,,,,,,,,,,,,,,,,,,,,,,,,,,,,,,,,,,,,,,,,,,,,,,,,,,,,,,,,,,,,,,,,,,,,,,,,,,,,,,,,,,,,,,,,,,,,,,,,,,,,,,,,,,,,,,,,,,,,,,,,,,,,,,,,,,,,,,,,,,,,,,,,,,,,,,,,,,,,,,,,,,,,,,,,,,,,,,,,,,,,,,,,,,,,,,,,,,,,,
            With dial-up Internet subscription alone,0,0,0,0,0,0,0,0,0,0,0,0,0,0,0,0,0,0,0,0,0,0,0,0,0,0,26,0,0,0,0,0,0,0,0,0,0,0,0,0,0,0,5,0,0,0,0,0,0,0,0,0,0,0,0,0,0,5,,,,,,,,,,,,,,,,,,,,,,,,,,,,,,,,,,,,,,,,,,,,,,,,,,,,,,,,,,,,,,,,,,,,,,,,,,,,,,,,,,,,,,,,,,,,,,,,,,,,,,,,,,,,,,,,,,,,,,,,,,,,,,,,,,,,,,,,,,,,,,,,,,,,,,,,,,,,,,,,,,,,,,,,,,,,,,,,,,,,,,,,,,,,,,,,,,,,,,,,,,,,,,,,,,,,,,,,,,,,,,,,,,,,,,,,,,,,,,,,,,,,,,,,,,,,,,,,,,,,,,,,,,,,,,,,,,,,,,,,,,,,,,,,,,,,,,,,,,,,,,,,,,,,,,,,,,,,,,,,,,,,,,,,,,,,,,,,,,,,,,,,,,,,,,,,,,,,,,,,,,,,,,,,,,,,,,,,,,,,,,,,,,,,,,,,,,,,,,,,,,,,,,,,,,,,,,,,,,,,,,,,,,,,,,,,,,,,,,,,,,,,,,,,,,,,,,,,,,,,,,,,
            With a broadband Internet subscription,298,100,511,270,920,"1,099",254,524,132,554,207,7,0,997,"2,009",523,"1,430",730,196,234,271,151,660,197,254,"1,135","1,743","1,293",416,"1,523","1,821","1,203",437,"1,097","1,517","1,043",981,228,440,936,185,514,467,206,"1,606","1,286","3,203","1,184",815,"2,126","1,109",282,373,"1,145",516,"1,602","2,395",489,,,,,,,,,,,,,,,,,,,,,,,,,,,,,,,,,,,,,,,,,,,,,,,,,,,,,,,,,,,,,,,,,,,,,,,,,,,,,,,,,,,,,,,,,,,,,,,,,,,,,,,,,,,,,,,,,,,,,,,,,,,,,,,,,,,,,,,,,,,,,,,,,,,,,,,,,,,,,,,,,,,,,,,,,,,,,,,,,,,,,,,,,,,,,,,,,,,,,,,,,,,,,,,,,,,,,,,,,,,,,,,,,,,,,,,,,,,,,,,,,,,,,,,,,,,,,,,,,,,,,,,,,,,,,,,,,,,,,,,,,,,,,,,,,,,,,,,,,,,,,,,,,,,,,,,,,,,,,,,,,,,,,,,,,,,,,,,,,,,,,,,,,,,,,,,,,,,,,,,,,,,,,,,,,,,,,,,,,,,,,,,,,,,,,,,,,,,,,,,,,,,,,,,,,,,,,,,,,,,,,,,,,,,,,,,,,,,,,,,,,,,,,,,,,,,,,,,,,,,,,,,,
            Without an Internet subscription,70,0,64,0,0,35,59,0,79,19,0,15,0,7,0,9,74,0,70,38,138,58,18,44,37,50,171,18,0,21,84,0,33,14,53,63,35,7,0,34,9,6,40,12,0,9,75,1,8,92,0,24,50,81,0,0,0,102,,,,,,,,,,,,,,,,,,,,,,,,,,,,,,,,,,,,,,,,,,,,,,,,,,,,,,,,,,,,,,,,,,,,,,,,,,,,,,,,,,,,,,,,,,,,,,,,,,,,,,,,,,,,,,,,,,,,,,,,,,,,,,,,,,,,,,,,,,,,,,,,,,,,,,,,,,,,,,,,,,,,,,,,,,,,,,,,,,,,,,,,,,,,,,,,,,,,,,,,,,,,,,,,,,,,,,,,,,,,,,,,,,,,,,,,,,,,,,,,,,,,,,,,,,,,,,,,,,,,,,,,,,,,,,,,,,,,,,,,,,,,,,,,,,,,,,,,,,,,,,,,,,,,,,,,,,,,,,,,,,,,,,,,,,,,,,,,,,,,,,,,,,,,,,,,,,,,,,,,,,,,,,,,,,,,,,,,,,,,,,,,,,,,,,,,,,,,,,,,,,,,,,,,,,,,,,,,,,,,,,,,,,,,,,,,,,,,,,,,,,,,,,,,,,,,,,,,,,,,,,,,
VEHICLES AVAILABLE,,,,,,,,,,,,,,,,,,,,,,,,,,,,,,,,,,,,,,,,,,,,,,,,,,,,,,,,,,,,,,,,,,,,,,,,,,,,,,,,,,,,,,,,,,,,,,,,,,,,,,,,,,,,,,,,,,,,,,,,,,,,,,,,,,,,,,,,,,,,,,,,,,,,,,,,,,,,,,,,,,,,,,,,,,,,,,,,,,,,,,,,,,,,,,,,,,,,,,,,,,,,,,,,,,,,,,,,,,,,,,,,,,,,,,,,,,,,,,,,,,,,,,,,,,,,,,,,,,,,,,,,,,,,,,,,,,,,,,,,,,,,,,,,,,,,,,,,,,,,,,,,,,,,,,,,,,,,,,,,,,,,,,,,,,,,,,,,,,,,,,,,,,,,,,,,,,,,,,,,,,,,,,,,,,,,,,,,,,,,,,,,,,,,,,,,,,,,,,,,,,,,,,,,,,,,,,,,,,,,,,,,,,,,,,,,,,,,,,,,,,,,,,,,,,,,,,,,,,,,,,,,,,,,,,,,,,,,,,,,,,,,,,,,,,,,,,,,,,,,,,,,,,,,,,,,,,,,,,,,,,
        No vehicle available,488,12,476,467,58,409,275,58,217,158,46,112,427,42,385,300,52,248,351,0,351,317,36,281,282,0,282,122,0,122,24,9,15,118,0,118,50,0,50,229,0,229,215,52,163,45,45,0,19,0,19,91,12,79,32,0,32,90,18,±27,78.30%,±47.9,72,±65,6.80%,±5.7,276,±208,9.40%,±7.2,0,±21,0.00%,±25.2,276,±208,10.00%,±7.7,133,±87,8.50%,±5.4,15,±23,4.80%,±7.1,118,±84,9.50%,±6.5,297,±180,11.40%,±6.9,0,±21,0.00%,±24.0,297,±180,12.30%,±7.4,113,±50,12.80%,±6.0,0,±15,0.00%,±58.9,113,±50,13.40%,±6.3,685,±341,15.60%,±7.6,232,±216,45.90%,±30.1,453,±273,11.70%,±6.8,241,±217,6.00%,±5.4,0,±21,0.00%,±3.9,241,±217,8.90%,±7.9,587,±202,17.30%,±5.5,8,±13,0.60%,±1.0,579,±201,27.70%,±8.7,130,±97,5.50%,±4.1,83,±83,4.20%,±4.1,47,±47,12.00%,±12.4,14,±20,1.20%,±1.7,14,±20,1.40%,±2.0,0,±15,0.00%,±26.0,141,±113,5.00%,±4.0,61,±68,2.60%,±2.9,80,±100,18.50%,±19.5,397,±254,12.60%,±7.4,0,±21,0.00%,±4.2,397,±254,20.60%,±11.7,0,±15,0.00%,±3.1,0,±15,0.00%,±3.6,0,±15,0.00%,±22.2,51,±65,6.40%,±8.0,18,±28,2.60%,±4.0,33,±60,34.00%,±41.5,63,±57,3.20%,±2.8,19,±31,1.10%,±1.8,44,±48,13.90%,±15.0,108,±98,5.10%,±4.6,33,±41,1.70%,±2.1,75,±90,54.30%,±39.7,28,±31,1.70%,±1.8,28,±31,1.90%,±2.1,0,±21,0.00%,±24.7,173,±119,7.80%,±5.2,30,±36,2.20%,±2.6,143,±115,16.40%,±13.4,229,±137,16.80%,±10.0,37,±46,6.40%,±7.4,192,±120,24.50%,±16.6,15,±14,1.20%,±1.2,7,±12,0.80%,±1.3,8,±12,2.50%,±4.2,48,±68,2.20%,±3.1,45,±69,2.70%,±4.1,3,±7,0.60%,±1.4,9,±14,1.40%,±2.1,0,±15,0.00%,±8.7,9,±14,11.30%,±18.5,68,±46,4.20%,±3.0,27,±23,2.10%,±1.7,41,±40,13.00%,±11.9,5,±7,0.60%,±0.8,0,±15,0.00%,±7.8,5,±7,2.10%,±3.1,14,±13,2.60%,±2.8,14,±13,3.10%,±3.3,0,±15,0.00%,±43.2,0,±21,0.00%,±2.2,0,±21,0.00%,±2.4,0,±21,0.00%,±24.5,41,±53,1.60%,±2.0,41,±53,1.90%,±2.4,0,±21,0.00%,±11.3,293,±208,5.50%,±4.0,5,±9,0.10%,±0.2,288,±207,21.50%,±15.2,6,±10,0.40%,±0.7,0,±15,0.00%,±3.7,6,±10,7.40%,±14.8,32,±39,2.90%,±3.7,32,±39,3.20%,±4.0,0,±15,0.00%,±37.1,87,±51,2.50%,±1.5,16,±14,0.50%,±0.5,71,±49,15.00%,±10.3,63,±71,3.10%,±3.5,63,±71,3.50%,±4.0,0,±15,0.00%,±19.1,472,±217,15.90%,±7.7,0,±21,0.00%,±13.2,472,±217,18.20%,±8.8,228,±135,15.30%,±8.4,31,±42,7.20%,±9.4,197,±126,18.50%,±10.7,457,±261,16.50%,±9.2,224,±217,22.80%,±19.2,233,±149,13.00%,±8.3,71,±73,6.80%,±7.0,55,±68,6.30%,±7.7,16,±25,9.10%,±15.6,19,±35,0.80%,±1.5,19,±35,1.00%,±1.9,0,±21,0.00%,±11.5,58,±46,1.90%,±1.5,58,±46,2.20%,±1.7,0,±21,0.00%,±16.3,108,±82,12.00%,±8.0,10,±18,2.10%,±3.8,98,±83,22.70%,±15.8
        1 vehicle available,752,127,625,531,43,488,802,191,611,732,327,405,995,384,611,"1,621",639,982,693,351,342,"1,191",493,698,593,87,506,709,67,642,575,110,465,94,0,94,113,0,113,"1,668",420,"1,248","1,085",745,340,581,374,207,"1,477","1,002",475,692,268,424,384,224,160,504,5,±8,21.70%,±47.9,499,±136,47.20%,±10.9,"1,367",±285,46.60%,±8.7,23,±27,13.00%,±17.5,"1,344",±286,48.80%,±8.9,923,±205,59.10%,±12.8,155,±97,49.40%,±26.8,768,±193,61.50%,±14.0,"1,184",±301,45.60%,±10.6,79,±67,42.00%,±24.7,"1,105",±299,45.90%,±11.1,459,±123,52.00%,±9.8,36,±6,87.80%,±20.2,423,±123,50.30%,±10.4,"2,163",±479,49.30%,±10.8,147,±134,29.10%,±27.0,"2,016",±473,51.90%,±10.4,"1,774",±409,44.10%,±9.7,650,±289,49.60%,±17.9,"1,124",±408,41.50%,±13.2,"1,350",±288,39.70%,±7.4,607,±188,46.20%,±10.7,743,±272,35.60%,±10.1,843,±343,35.70%,±11.1,687,±323,34.90%,±12.6,156,±82,39.90%,±19.8,503,±207,42.20%,±13.4,395,±178,38.70%,±13.3,108,±110,63.20%,±40.6,"1,265",±251,45.10%,±8.2,"1,009",±265,42.60%,±10.1,256,±104,59.10%,±22.0,"1,083",±234,34.40%,±7.9,327,±137,26.90%,±9.3,756,±228,39.20%,±11.8,379,±138,23.00%,±7.2,379,±138,26.30%,±8.0,0,±15,0.00%,±22.2,156,±81,19.70%,±10.7,151,±80,21.70%,±11.9,5,±8,5.20%,±10.1,565,±169,28.40%,±8.2,383,±140,22.90%,±8.2,182,±119,57.40%,±21.4,677,±208,32.10%,±9.3,677,±208,34.30%,±9.8,0,±15,0.00%,±30.6,360,±149,21.50%,±8.2,246,±127,16.50%,±7.9,114,±80,62.60%,±35.6,853,±329,38.50%,±12.2,271,±122,20.10%,±8.7,582,±298,66.90%,±17.8,701,±252,51.50%,±16.9,359,±152,62.10%,±14.3,342,±230,43.70%,±27.0,421,±178,34.00%,±11.1,186,±85,20.20%,±8.6,235,±141,74.80%,±19.4,595,±217,27.60%,±10.3,460,±188,27.60%,±11.2,135,±115,27.60%,±21.7,261,±101,40.00%,±15.1,229,±97,40.00%,±16.0,32,±34,40.00%,±37.3,512,±126,31.70%,±7.5,376,±127,29.00%,±9.7,136,±69,43.20%,±17.1,271,±94,30.60%,±9.5,89,±44,13.70%,±6.8,182,±93,77.40%,±14.9,209,±135,39.40%,±17.3,181,±134,39.80%,±20.0,28,±32,36.80%,±34.6,392,±175,16.60%,±6.9,350,±168,16.10%,±7.2,42,±46,22.80%,±23.7,794,±298,31.10%,±9.3,568,±293,26.90%,±11.3,226,±156,51.50%,±24.6,"1,344",±323,25.10%,±5.5,747,±246,18.60%,±5.5,597,±260,44.50%,±18.1,377,±170,25.90%,±9.5,339,±169,24.70%,±10.0,38,±36,46.90%,±32.7,169,±94,15.30%,±8.3,169,±94,16.90%,±8.8,0,±15,0.00%,±37.1,821,±215,23.80%,±6.4,590,±202,19.80%,±6.8,231,±123,48.90%,±17.6,587,±204,29.00%,±9.0,538,±204,30.30%,±10.2,49,±47,19.90%,±21.5,"1,725",±644,58.10%,±14.6,188,±106,50.90%,±31.7,"1,537",±661,59.20%,±16.6,718,±179,48.00%,±10.1,172,±76,40.00%,±13.3,546,±172,51.30%,±12.3,"1,192",±332,43.00%,±10.0,282,±175,28.70%,±15.9,910,±285,50.80%,±11.1,251,±100,24.00%,±9.6,220,±95,25.30%,±10.3,31,±35,17.70%,±22.3,800,±279,34.70%,±9.7,574,±263,30.60%,±11.2,226,±116,52.80%,±20.0,931,±246,31.20%,±8.0,795,±236,29.60%,±8.2,136,±77,46.30%,±30.5,336,±72,37.40%,±7.3,145,±52,31.00%,±9.7,191,±60,44.30%,±12.7
        2 vehicles available,551,61,490,447,66,381,577,163,414,390,250,140,568,371,197,694,480,214,454,280,174,746,729,17,285,0,285,574,93,481,161,29,132,25,0,25,1,0,1,866,383,483,"1,200",946,254,531,357,174,"1,168",957,211,717,376,341,324,236,88,397,0,±15,0.00%,±78.6,397,±123,37.60%,±10.8,784,±294,26.70%,±8.7,137,±122,77.40%,±26.3,647,±253,23.50%,±8.3,365,±196,23.40%,±11.5,112,±89,35.70%,±25.0,253,±168,20.30%,±12.8,699,±238,26.90%,±8.6,59,±55,31.40%,±28.3,640,±239,26.60%,±9.2,194,±75,22.00%,±8.1,5,±10,12.20%,±20.2,189,±75,22.50%,±8.4,"1,314",±416,30.00%,±9.2,126,±109,25.00%,±21.7,"1,188",±383,30.60%,±10.2,"1,232",±441,30.60%,±9.5,220,±131,16.80%,±8.8,"1,012",±441,37.30%,±14.9,"1,149",±306,33.80%,±8.4,423,±138,32.20%,±9.3,726,±236,34.80%,±10.7,977,±227,41.40%,±9.9,905,±219,45.90%,±11.0,72,±67,18.40%,±16.5,332,±111,27.90%,±9.8,307,±102,30.10%,±10.7,25,±33,14.60%,±24.3,"1,002",±296,35.80%,±9.4,905,±294,38.20%,±11.3,97,±86,22.40%,±17.5,"1,087",±274,34.50%,±8.8,449,±137,36.90%,±11.8,638,±221,33.00%,±10.9,"1,019",±220,61.80%,±9.3,846,±211,58.70%,±10.0,173,±112,83.60%,±22.2,359,±100,45.30%,±12.9,309,±102,44.50%,±13.8,50,±48,51.50%,±39.3,943,±209,47.40%,±9.0,882,±206,52.70%,±9.7,61,±53,19.20%,±15.5,973,±279,46.10%,±12.0,948,±279,48.00%,±12.6,25,±28,18.10%,±22.9,655,±184,39.10%,±10.5,635,±193,42.50%,±11.7,20,±35,11.00%,±16.2,855,±228,38.60%,±10.9,750,±222,55.70%,±10.9,105,±97,12.10%,±11.3,402,±241,29.50%,±16.7,153,±94,26.50%,±14.8,249,±245,31.80%,±27.8,498,±168,40.30%,±10.3,431,±157,46.70%,±11.0,67,±58,21.30%,±18.2,"1,132",±417,52.40%,±12.4,817,±354,49.00%,±13.5,315,±233,64.30%,±24.6,196,±95,30.00%,±14.7,157,±88,27.40%,±15.3,39,±42,48.80%,±36.8,682,±143,42.30%,±9.0,546,±150,42.10%,±11.2,136,±66,43.20%,±16.5,398,±116,45.00%,±11.0,379,±115,58.30%,±11.7,19,±18,8.10%,±8.2,196,±52,36.90%,±11.9,154,±48,33.80%,±13.0,42,±30,55.30%,±33.4,"1,212",±238,51.30%,±8.2,"1,070",±214,49.10%,±8.1,142,±122,77.20%,±23.7,"1,270",±230,49.70%,±9.7,"1,066",±232,50.40%,±11.3,204,±139,46.50%,±24.6,"2,883",±468,53.80%,±7.0,"2,426",±449,60.40%,±7.9,457,±309,34.10%,±17.1,640,±126,44.00%,±10.0,613,±126,44.60%,±10.7,27,±26,33.30%,±27.5,568,±109,51.50%,±10.3,542,±109,54.20%,±9.7,26,±35,25.20%,±46.7,"1,364",±230,39.60%,±6.9,"1,199",±222,40.30%,±7.7,165,±83,35.00%,±14.0,"1,119",±265,55.30%,±9.8,922,±209,51.90%,±10.3,197,±159,80.10%,±21.5,752,±349,25.30%,±12.0,178,±175,48.20%,±32.6,574,±312,22.10%,±12.0,489,±124,32.70%,±8.8,175,±61,40.70%,±14.7,314,±95,29.50%,±9.8,"1,042",±288,37.60%,±9.3,425,±186,43.30%,±16.9,617,±238,34.40%,±11.4,647,±157,62.00%,±10.8,519,±126,59.70%,±11.5,128,±103,73.10%,±27.5,"1,192",±247,51.70%,±8.7,"1,064",±248,56.70%,±10.5,128,±90,29.90%,±18.1,"1,574",±331,52.80%,±8.9,"1,416",±312,52.70%,±9.1,158,±153,53.70%,±30.5,266,±88,29.60%,±7.8,224,±83,48.00%,±11.6,42,±31,9.70%,±6.6
        3 or more vehicles available,517,18,499,415,0,415,298,87,211,83,83,0,351,335,16,181,177,4,236,113,123,258,219,39,331,67,264,294,69,225,31,0,31,0,0,0,0,0,0,746,340,406,440,440,0,201,177,24,553,475,78,119,62,57,156,144,12,89,0,±15,0.00%,±78.6,89,±111,8.40%,±10.0,505,±211,17.20%,±6.8,17,±26,9.60%,±17.3,488,±217,17.70%,±7.4,141,±105,9.00%,±6.5,32,±53,10.20%,±15.7,109,±90,8.70%,±7.1,417,±218,16.10%,±8.4,50,±62,26.60%,±29.0,367,±211,15.20%,±8.8,116,±71,13.20%,±7.5,0,±15,0.00%,±58.9,116,±71,13.80%,±7.9,224,±242,5.10%,±5.4,0,±21,0.00%,±9.9,224,±242,5.80%,±6.1,775,±338,19.30%,±7.8,441,±226,33.60%,±15.9,334,±267,12.30%,±9.2,316,±146,9.30%,±4.3,276,±146,21.00%,±10.7,40,±53,1.90%,±2.5,411,±176,17.40%,±6.9,295,±132,15.00%,±6.7,116,±124,29.70%,±25.4,343,±142,28.80%,±11.2,305,±136,29.90%,±12.3,38,±42,22.20%,±27.0,394,±182,14.10%,±6.5,394,±182,16.60%,±7.5,0,±21,0.00%,±11.4,580,±216,18.40%,±6.3,440,±153,36.20%,±10.9,140,±138,7.30%,±7.0,250,±111,15.20%,±7.1,216,±98,15.00%,±7.0,34,±48,16.40%,±22.2,226,±110,28.50%,±11.9,217,±108,31.20%,±13.5,9,±14,9.30%,±16.5,419,±142,21.10%,±6.9,389,±134,23.30%,±7.9,30,±38,9.50%,±11.0,353,±119,16.70%,±5.8,315,±108,16.00%,±5.7,38,±43,27.50%,±31.6,632,±178,37.70%,±9.3,584,±179,39.10%,±9.9,48,±60,26.40%,±24.5,335,±114,15.10%,±5.3,295,±109,21.90%,±8.6,40,±41,4.60%,±5.1,29,±39,2.10%,±2.8,29,±39,5.00%,±7.1,0,±15,0.00%,±6.5,303,±100,24.50%,±7.8,299,±101,32.40%,±9.4,4,±11,1.30%,±3.6,384,±139,17.80%,±7.3,347,±128,20.80%,±8.1,37,±56,7.60%,±11.3,187,±115,28.60%,±16.2,187,±115,32.60%,±17.8,0,±15,0.00%,±42.1,351,±202,21.80%,±10.7,349,±201,26.90%,±12.7,2,±5,0.60%,±1.4,211,±67,23.80%,±6.6,182,±70,28.00%,±9.5,29,±23,12.30%,±10.4,112,±42,21.10%,±9.6,106,±42,23.30%,±11.6,6,±6,7.90%,±8.4,760,±172,32.10%,±7.4,760,±172,34.90%,±7.6,0,±21,0.00%,±24.5,448,±185,17.50%,±7.3,439,±185,20.80%,±8.8,9,±14,2.10%,±3.4,836,±271,15.60%,±4.8,836,±271,20.80%,±6.6,0,±24,0.00%,±3.8,432,±176,29.70%,±10.7,422,±175,30.70%,±11.0,10,±14,12.30%,±18.0,334,±145,30.30%,±10.6,257,±87,25.70%,±8.1,77,±118,74.80%,±46.7,"1,174",±397,34.10%,±9.3,"1,169",±397,39.30%,±10.4,5,±8,1.10%,±1.8,255,±122,12.60%,±6.0,255,±122,14.30%,±6.6,0,±15,0.00%,±19.1,18,±39,0.60%,±1.3,3,±8,0.80%,±2.3,15,±37,0.60%,±1.4,60,±42,4.00%,±2.8,52,±40,12.10%,±9.1,8,±14,0.80%,±1.3,83,±72,3.00%,±2.6,50,±47,5.10%,±4.8,33,±55,1.80%,±3.1,75,±48,7.20%,±4.6,75,±48,8.60%,±5.6,0,±15,0.00%,±25.5,293,±137,12.70%,±6.0,219,±126,11.70%,±6.8,74,±80,17.30%,±17.6,417,±157,14.00%,±5.0,417,±157,15.50%,±5.6,0,±21,0.00%,±16.3,188,±66,20.90%,±7.7,88,±46,18.80%,±10.0,100,±59,23.20%,±12.3
